Gene,importance
W_ATRX,0.01908765086699195
R_RAB11FIP4,0.008467877197662767
R_AMZ2P1,0.007777118566530752
W_RP11.754I20.1,0.007692099662823642
R_GALNT13,0.0076430883822332304
R_GLB1L2,0.007634288504735939
R_KIF26A,0.00523607328188339
R_TBC1D3C,0.0047624375863091215
R_PPP1R13B,0.004726396192688623
R_SERINC5,0.004695879186806919
R_NCAPG2,0.004658313511680119
R_VAV1,0.004588718378548604
R_TMEM201,0.004400468348078767
W_HDAC9,0.004364364520529257
R_ADAMTS12,0.004194615178774987
R_GATA4,0.004182315125664531
R_JPH3,0.004170511342089341
R_ATP10D,0.004040407440849736
R_KNDC1,0.003997440527847635
R_GABRE,0.003994131867113217
R_TCF4,0.0039055300764367553
R_MSRB3,0.0038082635863097144
R_ZEB2,0.003785754508809194
R_CTIF,0.003722407724444456
R_RAP1GAP,0.003684051689407382
R_IGSF9B,0.0036533008262307123
R_C1orf226,0.0035700134499444163
R_WNK2,0.0034549011656898137
W_CAB39,0.003389540042035594
R_PCDH11X,0.0033286008544477583
W_LINC00202.2,0.003313902181859041
R_DOCK8,0.0032849895097538015
R_RASGEF1C,0.0031695344928240987
R_EPSTI1,0.003163751055180563
R_ARHGAP20,0.003039500977674143
P_PYGL,0.0030033769429303465
R_PPP3CC,0.0029978396926107413
R_GRIA1,0.0029560518544004695
R_CHD5,0.002946348633967679
W_TRBV7.7.1,0.0027300034543131587
R_EMID1,0.0026933540902406073
W_TDRD9,0.002606337567746606
R_SYT11,0.0025705720965586315
R_ARAP2,0.0025649725875753217
R_AATK,0.0024658433185456873
W_AQP7P2,0.0024331394062243974
R_PTPRG,0.0024250710789586617
R_POLI,0.002414143726278234
R_SHANK3,0.0024071809021893424
R_LAMC1,0.0023811496636212117
R_HEATR5A,0.0022835539360729763
R_XAF1,0.0022643817896426935
R_TMEM65,0.0022613135613888413
R_MYH14,0.0022607096858393346
R_PHKA1,0.0022398537926078704
R_ZFPM2,0.0022314927105418912
R_PIK3R5,0.0021746562555247304
R_B4GALNT4,0.0021718738658600316
R_PPARG,0.002160169710703765
R_WISP1,0.002155585574287769
R_PID1,0.0021487589617832006
R_CSRNP3,0.0021157497670542423
R_SEMA3E,0.0021108507011332765
R_HAAO,0.00210147201928798
R_ESRP1,0.002064341488390481
W_FANK1,0.002015996214204457
R_C16orf74,0.0019494084717559279
R_IQCA1,0.0019348643469275651
R_FBXL17,0.0019019670884960302
R_MMP19,0.0018974500096663948
R_DPYSL5,0.001897008186473234
P_DDB1,0.001873489557616833
R_TBC1D19,0.0018627628235268528
R_SLC2A8,0.0018379122957534666
W_PLEC,0.0018275497597875518
R_NOS1AP,0.0018071371697082096
R_STMN2,0.0018061149952482431
W_RANGAP1,0.0018053615990707738
R_FAIM2,0.0017862092764349346
R_GNAL,0.0017802512336272504
W_ACER3,0.0017796294343287175
W_FAM186A,0.0017670961096222513
R_ZNF425,0.001756229625025586
R_OLFML1,0.0017526607826336708
R_ZNF736,0.0017523772277074816
R_SH3BP5,0.0017493326512471655
R_ABCG2,0.0016865203239188045
R_CSGALNACT1,0.0016658461980766433
R_CACNA1B,0.001627543077971157
R_ZNF430,0.0015906806705915215
W_POTEM,0.001581007661237956
R_GALNT16,0.0015655741590567247
R_DAPK1,0.0015410449129577399
P_MYOF,0.0015360472791488646
W_CHMP4A,0.0015326066588799716
R_BHMT,0.0015178761663642165
R_PTPN13,0.0015112785330947576
R_CAMK2D,0.0015085458954261105
R_AR,0.0015047156546950785
W_AC104057.1,0.001496296572464177
R_ACADL,0.001491012285660069
W_ARHGAP39,0.0014410762865235205
R_NGEF,0.0014362774023727876
R_NOS2,0.0014341046806301775
R_LRP8,0.0014140384427783071
R_TPX2,0.0014128413399149334
R_ACTA2,0.0014083035277775893
R_NBEAP1,0.0014048314479767842
R_STEAP1B,0.001378849174220722
R_BRSK2,0.0013767860377580851
R_SYT17,0.0013669031843181422
R_FGF1,0.0013503412208713964
R_COX6B2,0.0013368152345530435
R_MEDAG,0.0013345551181950445
R_PDE10A,0.0013280592741848
R_BCL11A,0.001319088034771991
R_ARHGAP19,0.0013115119245438846
R_ANO1,0.0012997408779490897
R_ZDHHC11,0.0012989056442940432
R_TEPP,0.0012946252614602265
R_PTP4A3,0.0012902829440590473
W_USP39,0.001281512737756795
R_MCTP2,0.0012794589633795073
R_SLC17A5,0.0012770985633143094
R_ZNF280B,0.001256811808284294
R_GALNT3,0.001254702534582027
R_CPQ,0.0012319406414902758
R_PRKCZ,0.0012305106868561303
R_KLF12,0.0012255314098421088
R_ELFN1,0.0012229612402844855
R_GPRC5D,0.0012163627519959119
R_CCDC144A,0.0012026865347074735
R_DGKB,0.0012013411529344855
R_DHCR24,0.0011975580195638868
R_ALPK2,0.0011975473625627008
R_CABLES2,0.0011913161763268672
W_TRBV11.1.1,0.0011849959995992268
R_JAG2,0.0011722256543211056
R_MAST4,0.0011619992655505032
R_SESTD1,0.0011568649243004262
R_MAPRE2,0.0011517415091637179
R_CGNL1,0.0011429489822777532
R_ZC4H2,0.0011389070176786537
R_IL12RB2,0.001134364950617473
R_FBXO32,0.001131380809402483
W_ANKRD20A3,0.0011284361643548503
W_AC096582.7,0.001119115470256576
R_ANXA4,0.0011188424288445717
R_CELF5,0.0011179120999026983
R_PCSK6,0.0011111986357260554
R_ANKRD24,0.0011100478996119603
W_FRG2B,0.0011081912219885449
W_INO80E,0.001107457156123531
R_NAB1,0.001091653266372433
R_RBPMS,0.0010886538856993782
R_CDH13,0.001088214625466807
R_SLC22A14,0.0010837212040611876
R_KCNH5,0.0010773688228755865
R_CPXM2,0.0010686515388561126
R_RBP7,0.0010667365014024632
R_TBCK,0.0010586371373014387
R_FCHO1,0.0010578478031089825
R_TPTE2P5,0.0010511970398115727
R_DNAH5,0.0010487414729260195
R_SAMHD1,0.0010405329673941301
W_PPP6R2,0.0010346549264376027
R_COL4A6,0.0010333907189249724
R_SCGB3A2,0.001030733109400928
R_NCAPD3,0.0010287044131837605
R_COL3A1,0.0010283622524856696
R_MCTP1,0.0010267177203616051
W_RP4.706G24.1,0.0010253427888837372
R_IGF1,0.0010239400958868675
R_NSG1,0.0010157947873142084
R_BHMT2,0.001010470843294565
R_TMEM56.RWDD3,0.0010096192687079363
R_RGL1,0.0010085169525712828
R_SCN4A,0.0010066957295259203
R_CLDN14,0.0010050001073124688
R_KBTBD11,0.0010025655015674798
R_ADNP2,0.0009987516320612497
R_CASP16,0.0009905332567597285
R_LRFN5,0.0009842113102725906
R_LAMC3,0.0009828021900409756
R_ARHGAP40,0.000982467173796853
R_BANK1,0.0009808935845414682
W_RP11.391M20.1,0.00098074310933642
R_SIRPB1,0.0009755101173158389
R_C3,0.0009698520904884324
R_BOC,0.0009691419005910481
R_ALOXE3,0.0009681992680432772
R_ZNF488,0.00096766669102023
R_ISPD,0.0009673495753439042
R_EEF1A2,0.000965416789316931
R_MLLT3,0.0009619060938781218
R_ADAMTS3,0.0009554643088022827
R_CNTN3,0.0009501895851441923
R_ONECUT2,0.0009470263379850603
R_DGKG,0.0009419411616064664
R_NFAM1,0.0009316494337855817
R_KIF20B,0.0009274324747772894
R_ECSCR,0.0009247363493655562
W_ESPN,0.0009246232589801351
R_BDKRB2,0.000921145195846748
R_TENM4,0.0009193360136089458
W_TNC,0.0009175388890978205
R_LOXL2,0.0009060805935762012
R_KIAA1644,0.0009059248551038306
R_TTLL7,0.0008996962061212223
R_AP001468.1,0.0008967639019752257
W_TRBV6.1.1,0.0008953277085069258
R_COL9A3,0.0008937573562336404
R_SPSB1,0.0008923748087931297
R_ZNF114,0.0008889719869909076
R_NPTXR,0.0008848171307853828
W_DOCK4,0.0008844265978150225
R_THBS1,0.0008821833780549981
W_HTT,0.0008792279126661637
W_RP11.782C8.3,0.0008782911845060975
R_ITGAM,0.000877673312675606
R_TNFAIP8L3,0.0008715699495013433
R_DDX58,0.0008706226082473988
R_ERBB4,0.0008689523643254665
W_AC012309.5,0.000867225654174893
R_PGBD3,0.0008646299631837174
R_ADCY8,0.0008606999817457709
R_RNF180,0.000860685909449335
R_SLC9B1,0.0008603172697164897
R_CPVL,0.0008577971949447868
R_IKZF2,0.00085779411421263
R_ANKRD31,0.0008536521255843391
R_ACTG2,0.0008522924755331422
R_CAMK1D,0.0008478414028595524
R_PLEKHG4B,0.0008448462261164373
R_EDIL3,0.000840986555061706
R_TBC1D8B,0.0008405389308012453
R_OLFM1,0.0008370355129367077
R_COL14A1,0.0008350824150577566
R_P4HA1,0.0008350671933536004
W_CHL1,0.0008344017235870412
R_RASGRF2,0.0008324424513977479
R_CALCRL,0.0008311257533722728
R_P2RX2,0.0008303079378218641
R_PTPRD,0.0008292432484908634
W_MTCH2,0.0008291861395494297
W_TRBV5.5.1,0.0008291390883060746
R_CACNA2D2,0.0008287079785344877
R_NBEAL1,0.0008280210713521676
W_FOXO6,0.0008239024169272358
R_TCOF1,0.0008236600356195979
R_KHDRBS3,0.0008221053202796325
W_RP11.343N15.1,0.000821453758829585
R_PDGFD,0.0008210090651393447
W_ZMYM2,0.0008185716018472738
R_ARL14EPL,0.0008177986152702127
R_JPH2,0.0008160891217436829
R_PLAG1,0.0008098448588785605
R_LTBP2,0.0008059617005626938
R_ZNF695,0.0008045773609371776
R_CCDC3,0.0008033005436911592
R_ZFHX3,0.000801694041076753
R_PTGFRN,0.0007966920114712446
R_CCDC81,0.0007957602673973052
R_GALNT9,0.0007899404870873201
R_SLC16A7,0.0007882162465343804
R_VWF,0.0007858664878877389
R_ENOX1,0.0007854509126060146
R_KCNJ3,0.0007840028663982527
R_GRAMD1C,0.0007831063252636972
R_DSC2,0.0007810266438267586
R_SYN3,0.0007806048780322795
R_SLC4A4,0.0007805588629213357
R_KLHL23,0.0007795929876758381
R_PRSS3,0.0007791755393534484
R_LMF1,0.0007789121970564072
R_LTBP4,0.0007775597000804177
R_GSDMC,0.0007751974333378675
W_FTOP1,0.0007717307874702017
R_NUDCD1,0.0007710406471352054
R_IL10RA,0.0007706053773758692
R_MYOCD,0.0007684802908843581
R_LMX1B,0.0007679071313279557
R_KCND2,0.0007665474993211751
R_FAM149A,0.0007647430885891698
R_SSBP2,0.0007639125931616944
R_MXRA5,0.0007630352211325357
W_LAMC1,0.0007612815406281853
R_TJP3,0.0007610476070674605
R_MLPH,0.0007590236129578861
R_C22orf34,0.0007588570027925614
P_ABCE1,0.0007587644496054601
R_TMEM38A,0.0007554275871189941
R_CCDC141,0.0007544269831978495
R_DPYSL4,0.0007523448537346126
R_ESYT2,0.0007456315144218994
R_ARID5B,0.0007455788321524067
R_KCNH1,0.000743596935737037
R_CADM1,0.0007419845214444613
R_SPINK6,0.0007396134228943153
R_PTPRN2,0.0007390840470182017
R_CHN2,0.0007381149217211125
R_IGF2BP2,0.0007371628584242944
R_RHOBTB3,0.0007348399644593415
R_C2orf88,0.0007327702501948416
R_NLRP9,0.0007317910622545723
R_DMD,0.0007272888584971731
P_LMAN2,0.0007270379837436532
R_RGS10,0.0007264665167018275
R_NOX4,0.0007262930182722196
R_SLC27A3,0.0007254414049759235
R_MAPK8IP2,0.000724726978082421
R_ANK3,0.0007221980237579476
R_RECQL4,0.0007184620235301003
R_IMPG1,0.0007164894050144326
R_PCDHGA4,0.0007146268803630667
R_CALB1,0.000711632060155971
R_C11orf24,0.0007064222891345037
R_KCNH7,0.0007037779404178778
R_CA11,0.0007025566184064555
R_LYG2,0.0007010538257514604
R_TSPAN12,0.0007000469452251098
R_YPEL1,0.0007000117501187761
R_OPCML,0.0006993329326085815
W_SHANK3,0.0006941653795319153
R_EPHB1,0.0006939237349642054
R_SDK1,0.000688721185036565
R_DNMT3B,0.0006858048412537881
R_NDRG4,0.0006843414223252187
R_ALPL,0.0006787826057811405
W_CYP4F34P,0.0006769472212723004
R_LAMA5,0.0006765624469003248
R_FLT4,0.0006757736420551427
P_CEMIP,0.0006748966663466634
R_FAM135B,0.0006734653150825392
R_ITGAX,0.000672437916357108
R_VWA3B,0.0006723249665315437
R_BCAS4,0.0006718635403181719
R_CDH23,0.0006717035148668147
R_SPIRE2,0.0006700029960755182
R_SMOC2,0.0006662687007176252
R_SEC24D,0.0006659497289040077
R_LRRC4C,0.000665718877486611
R_SLC22A4,0.0006634772855955247
R_ADD3,0.0006587227985813886
R_ATP2A3,0.0006585412544763696
R_CSE1L,0.0006581541639559081
R_ZNF503,0.0006548767481316494
R_NPAS1,0.0006531406791256087
W_TPSB2,0.0006522065305274333
R_FOXP2,0.0006484432533003095
W_RP1.21O18.3,0.0006481250746792921
R_RP11.481A20.11,0.0006454495296795555
R_CELSR3,0.0006437005189286964
R_TRPM4,0.0006432393297926838
R_STOX2,0.0006414036057667436
R_NFE2L3,0.0006411102492709867
R_PLCH2,0.0006406400122210352
R_ARHGAP19.SLIT1,0.0006393194123358479
R_TP53INP1,0.0006384509187799687
R_KIAA1683,0.0006374724529184186
R_COL1A2,0.0006374430305563721
W_ANKRD36,0.0006356160734648567
R_MAGED2,0.0006315103264234027
R_FRRS1,0.0006302518264799801
R_ABCA6,0.000629943177837037
R_LRRK2,0.0006295352239453695
W_RP11.120I21.3,0.0006286797101941975
R_PXDN,0.000628256467029442
R_PRR16,0.0006277475464855667
R_KIAA0319,0.0006274944924287998
R_SLCO4A1,0.0006274158682801069
R_SYNPO2,0.000626889655055193
R_LIN7A,0.0006252246528820228
W_AC134915.1,0.0006238951618012901
R_PTPRR,0.0006234500559846033
R_ACVR1C,0.0006229015084514623
R_GRAP,0.0006216785037904422
R_TOX,0.0006212410086059078
W_RBM33,0.0006185711893898887
R_RAVER2,0.000617885619367032
R_MGMT,0.0006165899081575156
R_GDF1,0.0006153573920736222
R_SLC19A1,0.0006142779034763783
W_AC020629.1,0.0006126290211294647
W_AP003041.2,0.0006119893184644452
R_BOK,0.0006109630783831888
R_EPHA6,0.0006038006198000544
R_F10,0.0006012889071491876
P_NUP93,0.0006006790832738657
W_ANKRD20A12P,0.0006006714100614638
R_FOXQ1,0.0005990627062743885
R_SORCS1,0.0005984827036035969
R_PTPRQ,0.000594991490678729
W_SEPT7,0.0005927215740431224
R_CDH8,0.0005915468907097315
R_TSHZ1,0.0005913081229845408
R_MYOF,0.0005909078053225886
R_KHK,0.0005888765347198878
R_CDH11,0.000588686708067972
R_UNC5B,0.0005870967394187615
W_ZC3H18,0.0005823370152200388
R_FBXL13,0.0005820234624481375
W_RP5.930J4.5,0.0005812830715767397
R_CCDC85C,0.0005780327367743885
R_CARF,0.0005774431682588651
R_FOXP1,0.0005774003795165608
W_SIRPB1,0.0005765797286344525
R_AHRR,0.0005765692540964682
R_PALLD,0.0005755569449014601
R_PBX4,0.0005748670725087703
R_ZNF626,0.0005743278627227274
R_SHROOM4,0.0005734121954769014
R_VAMP8,0.00057318589269047
P_NUCB2,0.0005712694934688969
R_LAMA3,0.0005680687430530389
R_ACPP,0.0005675841405896942
W_ITGA1,0.0005673196057401548
R_NCAM2,0.0005665082542953199
R_NTRK3,0.0005664829181658602
R_LIPC,0.0005656154692366713
R_SDC3,0.0005643403160906213
R_CACNA1C,0.0005635031601368614
R_GABRB2,0.0005630790546931322
R_CELSR1,0.0005630128991011167
R_KCNK1,0.0005620979380480744
W_ZNF827,0.0005602115558978083
R_CXADR,0.0005581399714593899
R_RTN4RL1,0.0005548042997298746
R_ST6GAL1,0.0005528765300085673
R_A4GALT,0.0005515920173789013
R_AFF2,0.0005513307799936002
R_AJAP1,0.0005504732289873163
R_SYT14,0.0005504669223806459
W_JARID2,0.0005482027542192927
R_DSCAM,0.0005468533419921888
R_STON2,0.0005461653918014201
R_TSPAN18,0.0005453107151589479
R_AIM1,0.0005445073169680526
R_CYP3A7,0.0005436445311089861
R_CSDC2,0.000543391601204444
R_NTM,0.0005432012074402619
R_DNAH3,0.0005421534648123933
W_RP11.561O23.5,0.0005420543852358836
R_HOMER2,0.0005409980774701519
R_UBASH3B,0.0005388625832645032
R_NOVA1,0.0005386111285511048
R_FNDC1,0.0005367481845123661
R_SCN2A,0.0005363310617278593
R_TMEM255B,0.0005351533805184568
W_ZMIZ1,0.00053438273310043
R_FGF18,0.0005339404263327465
R_TENM1,0.0005319770498188708
R_SUGCT,0.0005313607379328505
R_TMEM74,0.0005305487496838817
R_MERTK,0.0005292803855544074
R_FRMD3,0.0005248064486775819
R_COL17A1,0.0005237277625446846
R_LRAT,0.0005236909133108328
R_ANKRD30B,0.0005231844296616427
R_CHMP1B2P,0.0005220506432549
W_GGT3P,0.0005215471784227246
P_LMO7,0.0005202386908567618
W_LINC00452,0.0005186364329632805
R_CCNJL,0.0005182718180587925
R_ADH6,0.0005180232332692678
R_FGF13,0.0005173706716713989
W_SEC1P,0.0005171593790345881
W_CCND2.AS1,0.0005169251079651001
R_SLC12A8,0.0005168576014801349
R_PLCB4,0.0005137384239280842
R_DNAJC6,0.00051330520894916
R_RP11.391M20.1,0.0005122517941860828
R_LRRN4,0.0005113182821369313
R_PAQR5,0.0005109836757099382
R_GALNT8,0.0005099370675316738
R_CFH,0.000507982206411465
R_ST6GALNAC3,0.0005076431913736102
W_RP11.417J8.6,0.0005075128834859799
R_KCNQ1,0.0005063324179130546
R_TDRD6,0.000506103607064127
R_PLA2R1,0.0005055532135896611
R_NUAK2,0.000504128064098061
R_TPD52L1,0.0005025845425133163
R_FILIP1,0.0005010525610337658
R_ABI3BP,0.0004982635729528628
W_RP11.417J8.3,0.0004979864590522924
R_DPP4,0.0004949782077432606
R_C10orf90,0.0004945204122883073
R_TNC,0.0004925464031155508
W_RP11.87H9.2,0.0004925105629249344
R_ARSA,0.0004891706137814842
W_GXYLT1,0.0004885846794426965
W_FAM234A,0.00048717769032359656
R_HERC6,0.0004867662335859799
R_KCNT2,0.000485210062772608
R_NFATC4,0.00048469041461436424
W_CHST15,0.00048445861455751756
R_STK32A,0.00048301716244474545
R_PCDH7,0.00048288472365016534
R_SDK2,0.0004823706491621252
R_MRVI1,0.00048184634136939935
W_SGCD,0.0004814975932975529
R_MFAP3L,0.00048114070279256966
R_RNFT2,0.0004809289713830996
R_MROH7,0.0004803046655727686
R_CCND1,0.00047929788042426464
R_SYBU,0.00047640817628901973
R_LHX9,0.0004762727911422799
R_ZNF185,0.00047470694961821407
R_APBB1IP,0.00047359896770982
R_IGF1R,0.00047312902343304693
R_OPTN,0.00047169094952791835
R_COL8A2,0.0004707815976347395
R_NDST3,0.00046987183056959375
R_SPATA18,0.00046819215055956745
R_AKR1E2,0.0004674996299596763
R_TRPC5,0.0004656588579542179
R_FAM134B,0.0004649177369726285
R_SLC16A10,0.0004645851271926873
R_MUC19,0.0004637684672331393
R_CDCA7L,0.00046341294428125097
W_KMT2E,0.0004632607557315936
R_GALNT18,0.0004622873255786951
R_CDH3,0.0004619728106215177
R_RTP3,0.00046190119332537434
R_C10orf10,0.0004592939623719577
R_DMPK,0.00045918438907829737
R_LMCD1,0.00045874448460541653
W_LPCAT2,0.00045759062398461817
R_ZFYVE28,0.00045752264299889347
R_TRPM3,0.0004573508433015288
R_GFRA3,0.0004567891806651426
R_PCDH19,0.0004535317908798105
R_PARP9,0.00045326944809527677
R_NRIP3,0.0004530336480835458
W_TMEM110.MUSTN1,0.00045276596996405416
R_PAPPA2,0.0004525036384908433
R_C9orf3,0.00045238622698602605
R_PLCL1,0.00045231472308872496
R_ANKRD18CP,0.0004510464109905894
R_NINJ2,0.00045037445221097344
R_FAM189A2,0.00045014851347051474
R_NOTCH3,0.0004493059199106301
R_TEKT4P2,0.00044779095526615453
R_POU2F3,0.00044741381284960877
R_ANPEP,0.00044610680849840927
R_ATP2B2,0.000445765302221014
R_SLC37A1,0.00044554897702172533
W_ZNF66,0.00044534859848746773
R_SNCA,0.0004450741522095561
R_DOCK11,0.0004444076092805093
R_CACNA2D1,0.0004431866273716238
R_FMN2,0.0004418063554580792
W_FRY.NT5C3A,0.0004411348256039953
R_RPS6KA2,0.00044071860896389444
R_FBN1,0.00043949879864712323
R_COL19A1,0.0004391521988424869
R_STON1.GTF2A1L,0.00043871264645610085
W_YBX1P6,0.00043853122592926204
W_HM13,0.0004382521376396528
R_EPHA3,0.00043800298302854897
R_DAB1,0.0004377383349074544
W_BAGE4.CSMD3,0.0004376870568526079
R_CACNA1A,0.00043766695481469434
R_ANKRD20A12P,0.00043695183971788776
R_MMP15,0.0004366200307787348
R_STAP2,0.0004355640824743719
R_RARB,0.0004350740184494321
R_MOB3B,0.0004347457690823056
R_SHROOM3,0.00043413601753615277
R_POLE,0.0004336488036944214
R_ABCC9,0.00043310649598317906
W_ARHGAP39.LOC105369738,0.0004324174401655017
R_SYNE1,0.0004316348291277852
R_CREB5,0.0004315390582829201
W_MEGF6,0.0004310279494847601
R_LTBP1,0.0004306355920452362
R_GGT1,0.00042960264387257327
W_UNC79,0.00042955691424411937
R_SHROOM1,0.00042902412101704276
R_NRK,0.00042864168898322914
W_LIMCH1,0.00042789975390385973
R_CACNA2D4,0.0004260799152593557
W_ZNF92P2,0.0004248440156920971
R_ELOVL2,0.0004239316589281601
R_KCNN3,0.0004230582300841509
R_GPR158,0.0004229516957428805
R_FAM101A,0.0004228230087989758
R_SLC44A3,0.00042267638723885115
W_ADH6,0.00042044692380573985
R_OSBPL6,0.0004194297834997033
R_MKI67,0.0004192016191695585
R_RAPGEF5,0.0004186822036089742
R_TIAM1,0.0004183554112808741
R_KLHL29,0.0004180156733815254
R_COL24A1,0.0004174512435083571
R_STYK1,0.00041734393640744115
R_SGCD,0.0004172553350234706
R_PEAK1,0.0004164613691153818
R_RYR1,0.00041510253137360824
R_MOV10L1,0.0004148431540704213
R_TSSC2,0.00041477131847002875
W_ANAPC1,0.0004143816706340469
W_TMEM110,0.00041393107644496904
R_PLD5,0.00041338671057215083
R_CALB2,0.0004126429687319881
W_PCSK5,0.00041264108426832127
R_CCDC144NL,0.0004125364222817071
R_FBLN7,0.00041242008402954096
W_AMZ1,0.0004108528649538117
R_AC073343.1,0.0004105793177849331
R_CNTN5,0.00041016284276317993
R_NOL4,0.0004097044825890828
R_GFPT2,0.0004096943320623873
R_CPEB1,0.0004093399690416131
R_NEDD9,0.0004090581406693389
R_AMPH,0.0004087567318450631
R_EYA4,0.00040865713630839576
R_CD151,0.00040845789685417966
R_PLXNA4,0.0004077660417814511
R_RASIP1,0.00040702625540112674
R_ALX4,0.000406671974862789
R_CREG2,0.0004065241714502799
W_CST5,0.0004062576009170459
R_FRMPD4,0.0004056138221574969
R_SPOCK3,0.00040545321867461396
R_C2ORF15,0.00040466864182753443
R_MYO15B,0.0004036830511245155
R_C14orf23,0.000402745345329296
R_MMP3.1,0.0004026795427878145
R_KLHL32,0.00040261889257917636
R_FAM129A,0.00040123291079884396
R_THEMIS2,0.00040118154666168675
R_NACAD,0.00039936814633986426
R_MEI4,0.00039903384466593157
R_RHOU,0.00039891658939820524
W_MED26,0.00039873446926728484
R_CA3,0.0003985242385269417
R_LRRC29,0.0003978123906617052
W_CADPS2,0.0003974070002111914
R_AK4,0.0003969178105174801
R_SCIN,0.0003958866040569692
R_C14orf80,0.0003956605068214076
R_PLXDC2,0.00039522460809003623
R_PREX1,0.00039494812943929636
R_FILIP1L,0.00039427618801272224
R_EZH2,0.0003940791166385394
R_NAALAD2,0.00039314759239747823
W_EHBP1L1,0.00039256914960768497
R_XKR4,0.0003920285632070405
R_SLC1A3,0.0003918865000024734
W_TPTE,0.00039142997002540635
W_IGF2R,0.00039118645607536825
R_FBXL14,0.00039100018396673737
W_CCDC124,0.00039074819687925395
W_LINC00163,0.0003904156070517497
R_ACSL5,0.0003902836039029012
W_LAPTM4A,0.00039015185641918816
R_NPIPB6,0.00038984882184298373
R_NPFFR2,0.00038929219718770633
W_AHNAK,0.0003890222231619308
R_IL21R,0.00038825438493145876
R_KCTD8,0.00038741184692841915
W_C5orf60,0.00038620246194611617
R_RTN1,0.0003859258160190341
R_APOLD1,0.00038586866934531527
R_DSC3,0.0003858010120259263
W_SPAG16.URGCP,0.00038558011788061115
W_AGAP3,0.0003845779521919943
R_NELL2,0.0003845431830704448
R_SERPINA1,0.00038445119283610164
W_SENP3,0.0003842598314130996
R_GRAMD1B,0.0003838045572103479
R_GKAP1,0.00038339021351303256
R_KIF1A,0.0003832228125600227
R_MDK,0.0003828568861600093
R_BCL2,0.00038282919804712693
R_POLR3G,0.00038244758746901046
R_STK38L,0.00038140803232210703
R_KCNK2,0.0003805189976305493
W_NEGR1,0.0003796758369225616
R_PDZD2,0.0003783884290820257
R_COL25A1,0.000377870550958586
R_KIF26B,0.00037713144480452617
R_SSTR1,0.00037691922198898354
R_NRG1,0.0003767299975439387
R_PTENP1,0.0003761454748395625
W_ZNF488,0.00037520429610027637
R_DCC,0.0003744462076783024
R_PDE3B,0.0003737107324745583
R_BTG2,0.00037370406176200327
W_CA11.SEC1P,0.00037368558084129077
R_ATP6V0E2,0.00037288619167496307
R_PDGFA,0.00037214399850918405
R_TPD52,0.0003721130787370562
R_ADAM12,0.0003710846312542174
R_TNFSF13B,0.0003708721362922273
R_PTK2B,0.000370793280183661
R_UNC13A,0.0003707702161459085
R_MGST1,0.0003703932567206948
R_TMEM110.MUSTN1,0.00037017033432531826
W_CCND2.CCND2.AS1,0.0003701666633796827
R_LIMS2,0.00037013393953222256
R_CACNG6,0.000369917659511231
R_CREBRF,0.00036979111343778836
R_VSTM2L,0.00036926949612998896
R_SLIT3,0.00036878490064355505
R_SLC22A23,0.00036876010775531757
R_RNF157,0.00036826357953045685
R_PCDHGB3,0.00036737207945206345
R_OGDHL,0.0003668515871356778
R_PCDH1,0.00036616955337701864
R_ZNF704,0.0003651314474343213
W_SLC9B1P3,0.0003647949338997388
R_PPP1R14C,0.00036478715114018174
R_ANKFN1,0.0003647372208412719
R_OPLAH,0.00036423777006483384
W_ATP8A2.BMPER,0.00036228216975401836
W_UNC5B,0.0003619856113554863
R_FRMD4B,0.0003615930705777972
R_RASA4B,0.0003614848280596929
R_F2R,0.00036106477811788927
R_UGDH,0.00036098255688204176
R_CCDC15,0.00036048590228279716
W_RP11.241F15.7,0.00036031581136298927
R_SLC7A2,0.0003601189137330982
R_TMEM45A,0.00035871169649669387
R_ITGA11,0.0003585974614469891
R_CTNND2,0.00035850444718177717
R_PRDM6,0.00035719145970836277
R_TRPV3,0.0003570486443865768
R_MME,0.00035579443096500954
R_CCDC88C,0.00035571454204057565
R_PSD3,0.0003553993372370543
R_TYW1B,0.0003550881063824285
R_CERS4,0.0003544608869432577
R_TET3,0.00035434480671211056
R_BEGAIN,0.00035403660186721195
R_TNNI3,0.00035397650763094725
R_ARHGEF26,0.0003524361619811261
R_NLGN1,0.0003522164796429523
W_CYP4F35P,0.00035220411461523853
R_TNIK,0.0003520728225448124
W_COL4A1.ZDHHC20,0.000351523445392771
W_SLC4A11,0.00035073649644152936
R_SYT1,0.00035000437146199664
R_WNT7B,0.00034979036006356354
W_LOC101927437.TMEM50B,0.0003489794465667921
R_ESR1,0.0003478065929441887
R_COL6A6,0.00034768762760275943
R_NTN1,0.00034733914103227814
R_NTNG1,0.0003465446368850194
R_TMEM117,0.00034626431627641217
R_AARD,0.0003446727882552212
W_TMEM67,0.00034435402847726965
R_SEMA3A,0.00034427684984394757
R_MEI1,0.0003433743633661693
R_CDK15,0.00034261048782123493
R_PLAC8,0.0003424163130239663
R_CCL28,0.0003409110402497707
R_TNFRSF19,0.0003405825998324002
W_TRBV7.3.1,0.00034013884703252455
R_KCNAB3,0.0003401371046686482
R_CEMP1,0.0003400845746746414
R_SHC2,0.00033947097295489257
R_GAS8,0.00033894137047278623
R_NRCAM,0.0003386856138090773
R_BDH1,0.00033866466020633006
W_OSBPL9,0.0003378907533408618
R_HAPLN1,0.0003377963831689091
R_SLIT2,0.0003375379193428922
W_SMURF2,0.0003371951591591325
R_ABLIM1,0.00033629347261400055
R_GRM8,0.0003358065083515316
R_FAM69A,0.00033577509926230916
R_ZNF423,0.00033546411260252783
R_KCNE2,0.0003353590721327772
R_CDH12,0.0003350429383699582
R_PIEZO2,0.00033497289020278
W_MST1P2,0.0003338164398506064
R_C16orf45,0.0003333905049063702
W_CDC123.UPF2,0.00033299839000288875
R_CADPS,0.0003327992772683592
W_ATAD1,0.0003327956578221109
W_BCR,0.0003326697843077741
R_GRB7,0.00033225725551497943
R_DNM1,0.00033016248394048144
R_AL603965.1,0.00033010272473309654
R_ERV3.1,0.00032939573901963966
R_ZNF43,0.0003291260412206572
R_SEC16B,0.00032865945350442024
R_RORB,0.0003282034028631793
R_ANO3,0.00032813866933101537
R_PKIA,0.00032763502081691216
R_PRKD1,0.00032600346514680194
R_SRRM3,0.00032577771892754865
R_ANKS1B,0.00032544008585558233
R_ZNF454,0.00032515981586305804
R_TRPM2,0.0003250170720399339
W_BAGE2.CSMD3,0.0003246714353373644
R_LMO7,0.0003245597272196582
W_CTD.2128F4.1,0.000324078572928994
R_SLC2A13,0.0003239700095413872
R_UST,0.0003233406236620766
R_ROCK1P1,0.00032328922530536024
R_PADI1,0.0003229425519699353
R_ART4,0.00032212298128756487
R_MTSS1,0.00032184050662905766
R_MMP3,0.00032165123258719083
R_RHOV,0.0003215425443805261
R_THSD7B,0.0003213575022431881
R_SDC2,0.00032125866897984314
R_LRRC7,0.00032078199506280957
R_PPARGC1A,0.0003206135137971047
R_ALDH1A3,0.00031974653485534213
R_DPYSL2,0.00031896590717446586
R_GDF5,0.00031856133683653965
R_DLGAP1,0.000318516770443422
R_TRIM58,0.00031849964658738197
R_PLCXD3,0.0003182732650185989
R_ANO5,0.0003179857760315094
R_SLC1A7,0.00031786480171945054
W_BMPER,0.00031764651909593533
R_MXI1,0.00031701213101033033
R_PCSK5,0.00031685249707918186
R_ADRA1B,0.0003168225889021723
W_ZNF587P1,0.0003165289171065076
R_SLC27A1,0.00031523152771857925
R_ATP7B,0.0003149292631797844
R_EDA,0.00031464055396949623
W_HCRTR2,0.0003141385753237349
R_SLCO1C1,0.0003139559163609867
R_KANK2,0.00031265802254308535
R_RP11.43F13.1,0.0003125114561543572
W_MXI1,0.00031198184114282165
R_GCOM1,0.00031179985899212973
W_RAB5C.1,0.0003114790664644073
R_TOX2,0.0003105922751102611
R_MAML3,0.0003103442752067629
R_SCN5A,0.0003100203359811916
R_UPK1B,0.00030942119119377147
R_APBA2,0.0003092038504131265
R_TK1,0.0003087256247177819
R_DNER,0.0003084209692709975
R_ROBO1,0.0003083834399956873
R_DPF3,0.00030814028772783704
R_HKDC1,0.00030808488660536473
R_SORL1,0.0003077525324362865
W_COL4A1.MIPEPP3,0.0003076454994536754
R_SEMA7A,0.0003071997985707894
R_TMEM100,0.00030703680135760875
W_CDKL1,0.00030691936812578865
W_ANXA11.HECW2,0.0003066432916943157
R_CHFR,0.00030584082494897934
R_POLE2,0.00030564394325580715
R_PLTP,0.00030522898266724987
W_BMPER.LOC441242,0.00030485342416447156
R_ATRX,0.0003044812133216509
W_LOC100130451,0.00030426999423713703
R_DOK6,0.0003038834633948692
R_PPIL6,0.0003035428241575223
W_AC137056.1,0.0003026150560338663
W_ATP2B4,0.0003023533399364849
R_EGFEM1P,0.0003022622814327489
R_PROM1,0.000302210224914724
W_FAM227B,0.00030163719331413965
W_GTDC1.KIF5C,0.0003012240656392286
R_MUC12,0.0003010282109227534
P_COPG1,0.00030090448098479366
R_HEPHL1,0.00030085929637702465
R_CCDC158,0.0003007402240587579
R_MYOM2,0.0003006871488185295
R_C11orf82,0.000300686465527584
R_ATAD5,0.0003004919661874147
R_BICC1,0.0003002360164406014
R_TEC,0.00030016607304908776
R_MYRIP,0.0002999068873667504
R_GREM2,0.00029941020366828255
R_CDKN2A,0.0002993629458081407
R_ZBTB20,0.00029869919567187636
W_LINC01173,0.00029811710053800943
R_MYO5B,0.0002975923198712726
R_IL4I1,0.00029749852507232204
R_RIBC2,0.0002962640041813251
W_BAGE3.CSMD3,0.00029503380337818287
R_PLSCR4,0.0002949569376795302
R_GPM6A,0.0002945060289471019
W_ZBTB8A,0.00029393554684800617
R_SFMBT1,0.00029385865991901725
R_ADAMTS7,0.00029374033632420814
R_TMEM255A,0.0002932642155977208
W_LTBP2,0.0002929335699073478
R_XXYLT1,0.00029270121797388935
W_SPATC1.1,0.0002925411424732342
R_CYP24A1,0.00029230799968166086
P_MCM6,0.00029229021148717094
R_PAPPA,0.00029180545703103716
R_PWWP2B,0.0002915781077140669
R_NEK5,0.0002906502344631488
R_NEDD4L,0.0002906314175617017
R_CPNE5,0.00028969122936279386
R_RNF150,0.00028917577896689107
R_SOBP,0.000289003793463913
R_FARP1,0.00028890369552912813
R_CMYA5,0.00028857591929990774
R_MEF2C,0.00028806013762134713
R_SUN3,0.00028771552643792826
R_KCTD16,0.0002875193813394583
R_CYP27C1,0.0002873781841282876
R_GABRR2,0.0002866596242721154
R_LDB2,0.0002858922216972936
R_ASXL3,0.0002857342527706006
R_DTX1,0.000285674086359486
R_SOD2,0.0002856353389493877
R_NTSR1,0.00028548530087399004
W_TRBV6.5.1,0.00028543751113237166
R_DNAH11,0.00028486564265656325
R_PDE9A,0.0002848028905950987
R_RAP1GAP2,0.0002846607048765188
R_LRP5,0.0002840781945559748
R_MCM6,0.00028302723678224793
R_DEF6,0.00028269049543515253
R_DOCK2,0.00028261127517929926
R_DMKN,0.0002825209894270181
W_ZNF462,0.00028228826701216775
R_SAMD3,0.0002822312034976401
R_TRIB2,0.0002818473313855083
W_RP11.392E22.12,0.0002813702026394461
R_TMOD2,0.0002813182762442951
R_HEPH,0.00028122202953740364
R_XRCC2,0.00028121096501706544
R_PRKAR1B,0.0002809191153452035
W_BAGE5.CSMD3,0.0002806311518875
R_DOCK5,0.0002802706948625009
R_HS3ST3A1,0.0002802374855786381
R_HPSE,0.0002801535247144693
W_DIAPH3,0.00028002248954355955
R_ITGA1,0.00027976933517949454
W_EFL1,0.0002784509668322179
R_VCX,0.00027844781494358123
R_NRXN3,0.0002783101193802014
W_GNA12.LRP1B,0.0002782632759622985
R_HPGD,0.00027776619057100655
W_GOLGA6L6,0.0002775442934626379
R_NCKAP5,0.0002773365624193029
R_TFAM,0.0002768301193820901
W_IQSEC3.2,0.00027681181989102477
R_PARD3B,0.0002763599757412541
R_ATP1A3,0.0002762539105379066
R_PAX3,0.0002761618434787908
R_SORBS2,0.0002761006809151194
W_EZH2,0.0002760437699138059
W_RP11.362K2.2,0.00027595699818132676
R_B4GALNT3,0.00027568333951293327
R_MED12L,0.00027565298844033526
R_GPRC5A,0.00027527202555566166
W_SLC27A3,0.000275119694963699
R_EPHA5,0.0002749292453903662
R_CELF2,0.00027409997030074874
W_PRSS3P2,0.0002740499325195572
W_MED16,0.0002733356198733238
R_FGD4,0.00027326834357939113
R_LAMA2,0.00027323956906697593
R_JAKMIP3,0.00027310454277930965
R_DISC1,0.0002728075062024868
R_TP73,0.0002724409426509393
W_HIBADH,0.0002716619266950738
W_METTL21EP,0.0002713166760309178
R_CLCN4,0.00027129619930477654
R_HRCT1,0.00027114677973816406
R_GREB1L,0.0002710053707922294
R_CD109,0.0002708701073215255
R_DNAJB4,0.0002701155796316165
R_C3orf70,0.00026979014491966254
R_CALD1,0.00026962065285419034
R_LMTK3,0.0002694364679710663
W_LSM4,0.00026929152882967743
R_SHROOM2,0.0002692160937745454
R_SULF1,0.00026906706186313436
R_C10orf11,0.00026906295853237905
R_OC90,0.0002684123172452141
R_SDC1,0.0002683123557927419
R_CCND2,0.0002674596773381744
W_HSF1.1,0.00026725787623715544
R_CYP2E1,0.0002669222575585004
R_KIF15,0.00026525139118776945
W_RNF4,0.00026500681710803166
R_TTC6,0.00026497373004676626
R_PCDH9,0.00026474841193099483
R_HMBOX1,0.00026438315615421074
R_CD177,0.0002636916587726588
R_C7orf61,0.00026358563628423406
R_BCRP3,0.00026306255682434097
R_GALNTL6,0.00026298870818214517
W_AC002472.1,0.00026295197252579724
R_CHD7,0.0002629042344230569
R_FBXL16,0.0002625747332627809
R_VPS13B,0.00026244459543052663
R_SMPDL3B,0.0002624382178935404
R_LRRC56,0.00026231586031336617
R_HRNR,0.00026170854159158797
R_TG,0.0002614317016061078
W_SLC35E1,0.00026130330218968127
R_PLAGL1,0.0002590911234912513
R_GNG4,0.00025904292522243585
R_C19orf66,0.0002584056631199222
W_KRT8,0.0002578716452814809
R_MDFI,0.0002577265044421349
R_CUL9,0.0002573989120123748
R_LOXL1,0.0002571267455440588
W_PPP1R37,0.00025702548499606807
R_C10orf107,0.00025679960763283515
R_ERCC6,0.0002567766121134021
R_ATAD2,0.00025654206277999085
R_SFMBT2,0.0002565088575649356
R_SLC35F1,0.00025649417179226836
R_LRP1B,0.00025627277283207686
R_SIAH3,0.00025620485400971814
R_SIM1,0.00025507436018696607
R_KCNJ6,0.00025478796031702693
R_ZNF208,0.00025461433155297595
R_TRIM22,0.0002540978199380601
R_RNF170,0.0002538960809276998
W_LZTR1,0.0002535530352330574
R_COL1A1,0.0002531000067145473
R_SLC6A15,0.0002529396810332527
R_PCDHGA2,0.00025287800736467793
R_LOXL4,0.00025279313227199014
R_PPFIA2,0.00025247783594864324
R_KATNAL2,0.00025228408143824913
R_C14orf132,0.0002521487578332537
R_AURKA,0.000252037939339494
R_ZNF93,0.00025124435172853716
R_SRCIN1,0.0002512197719566617
W_MBOAT1,0.0002512022424477362
R_EPB41L3,0.000251014657619723
R_HIP1,0.000250834641205775
R_SPESP1,0.0002505700264766647
W_RPUSD2,0.00025048547390392717
R_C17orf107,0.0002502012444001193
R_ZNF676,0.00024982652416129393
R_NHSL2,0.00024974424140593435
R_CENPP,0.00024965640553829723
R_NTRK2,0.0002493579169852696
P_CSPG4,0.00024917320905936573
R_LLGL2,0.00024828499376138024
R_TMEM178B,0.00024813340532645506
W_NOC4L,0.00024758091083101815
W_RBM42,0.0002475024668559518
W_SPRYD3,0.000247396891471643
R_SGIP1,0.00024726952577497113
R_CDKL2,0.0002472049346315866
R_ATP2B4,0.0002471057583359809
R_SVIL,0.00024703620148699404
R_BRCA1,0.00024694458698968903
R_EPHA4,0.00024679746662580005
R_PDPN,0.00024639125559302075
R_MYO1D,0.00024627661150866686
R_DIRC3,0.0002460233760067972
W_WNK1,0.0002459672429561416
R_SAMD12,0.00024591192733482484
R_ADCY1,0.00024568829100466994
R_PKHD1L1,0.00024536983229550026
W_ZNF224.ZNF284,0.00024525101955882904
W_URGCP.MRPS24,0.00024424218521220027
R_FXYD1,0.00024414592965572564
W_OR2T2,0.00024404072564981948
R_SCN9A,0.00024399338581039957
R_MOK,0.00024385963451347586
R_CECR2,0.000243658023986414
R_RP11.196G11.1,0.00024346801174417737
R_ANK2,0.0002433640848016522
R_DOCK4,0.00024314880540165297
R_CCNB2,0.00024301913071703317
R_NR6A1,0.00024262598185159208
W_RP11.241F15.1,0.0002424133549472627
R_KIAA1217,0.0002421415886642406
R_CADPS2,0.00024201455508349493
R_SEMA6D,0.00024189276176835817
R_GNG2,0.00024164978031538403
W_ZCCHC17,0.0002409259773251161
R_NLGN4X,0.00024083929688609884
W_CTD.2537I9.12,0.0002396285364129187
R_ARHGEF5,0.00023948629178040273
R_WDR76,0.00023945520403683695
R_HDAC9,0.0002393721103093329
R_ABCA3,0.00023892491291368297
R_ANGPT1,0.00023860207503990534
R_CSMD3,0.00023824263924350405
R_NUDT18,0.000237641764240854
R_PRDM16,0.00023727450942411906
R_ZFR2,0.00023683623672813585
R_PCDHGA3,0.0002365415704094022
R_MAP1A,0.00023645566148348553
R_MSRB2,0.0002362140058681157
R_CPNE7,0.00023599971886607954
R_HECW1,0.0002359459503166635
R_NTN4,0.00023553920058676358
R_WIPF3,0.00023552199174382035
R_INCENP,0.00023551798401179544
W_RP5.843L14.1,0.0002354463293025811
R_LZTS1,0.0002353972920263506
R_RPSAP58,0.00023533396133137229
R_RP11.241F15.1,0.00023528507951028007
R_MESP1,0.00023475246075886814
R_DYSF,0.00023457331721847202
R_BEST3,0.00023447883200065683
R_FAT3,0.00023447474077347414
R_PGAM1P5,0.00023368106612279554
R_FAM107A,0.0002334734155715121
R_LFNG,0.00023336869164649698
R_FAM83B,0.00023336844752937057
R_CDYL2,0.00023335588523732453
W_DENND3,0.00023322997851218382
P_MYO1C,0.00023309822353472174
R_LSAMP,0.0002330012419191436
R_RAPGEF4,0.0002328813832206051
R_NALCN,0.00023287674994701781
R_PTPRO,0.00023286213431704733
R_PCDHGC3,0.00023276590395994746
R_TEX14,0.00023266807247566282
R_TC2N,0.00023266038895496398
R_ZNF730,0.00023194536788720933
R_GPR39,0.00023167305195256427
R_INSR,0.00023165196180346387
R_FAM150A,0.00023162209165025077
W_ERCC6,0.00023148674318889878
R_CBX2,0.00023130793363843445
W_RP5.836J3.1,0.00023080185828773634
R_TSPAN9,0.00023079264879217326
R_RBPMS2,0.00023070889532277362
R_MAGI2,0.00023060797781374775
R_SEMA3C,0.0002304846355620778
R_POLA1,0.00023037432781160687
R_FSTL5,0.0002298919443808884
R_PRR7,0.00022953957626469356
W_GNAI2,0.00022872627630648177
R_UMODL1,0.00022853974682560354
R_VGLL3,0.00022788919133217105
R_CFI,0.0002278869550165072
R_RNF144B,0.00022743868597522373
R_PKD1L1,0.00022717854326138024
R_SH3RF3,0.00022679557283533276
R_COL13A1,0.00022661531419292168
R_RERG,0.00022642493356650286
R_ALDH1L1,0.00022632263437442814
R_GIPC2,0.00022614637430180818
R_MYBL2,0.0002261147594687606
R_MAP3K7CL,0.00022610676275374106
R_ABLIM2,0.0002260949734546727
R_ME3,0.0002260722017399597
R_DIXDC1,0.00022600859658604788
R_RORA,0.0002258360857631001
R_ZSWIM5,0.00022544191381351948
R_SLC6A13,0.00022536152290768272
R_PLEKHH1,0.0002252975310533369
R_CDCA4,0.00022523222962891816
R_SYNPO,0.0002251834694393943
R_CDH18,0.00022497801716041358
R_ZNF385B,0.00022415895181275016
R_PCMTD1,0.0002241110185864379
R_ATRNL1,0.0002239875972344366
R_KISS1,0.00022351471668938082
R_RPS6KA5,0.00022327314774826367
R_NDRG2,0.0002227379950256724
R_SOX6,0.0002226632469966174
R_ITGA6,0.00022216674689823205
R_EBF1,0.00022100030515112125
R_RAD54B,0.00022051905612757895
R_RAB31,0.000220401898028756
R_PRKCH,0.00021992176264139807
R_KLHL4,0.00021984475305536163
W_HERC2,0.00021977445035008546
R_SKAP1,0.00021948828570773996
R_PALM2.AKAP2,0.00021920067012870997
W_CA11,0.00021894548843500044
W_MALRD1,0.00021891800444790902
R_HMGCLL1,0.0002187864418154655
R_PDE1A,0.00021851673962904367
R_NOSTRIN.1,0.00021790874789893576
R_GRIA3,0.00021754904049010716
R_PRLR,0.00021730465123366073
R_MYOM1,0.00021725580121228024
R_LIPH,0.00021714416671681552
W_RP11.626K17.5,0.00021713689864747167
R_SPOCK2,0.00021713387272736512
R_GUCY1A2,0.00021709679957069322
R_PDE2A,0.00021708410072122719
R_ATP6V0A4,0.00021687550135038127
R_CLYBL,0.00021687395351753755
R_HMCN1,0.00021679421788097102
R_ZNF385D,0.00021677819742523742
R_ROR1,0.00021672227003488635
W_UQCC1,0.0002161982789525811
R_C7orf31,0.0002161589551690555
R_SCN3A,0.0002157608445133468
R_LRGUK,0.00021571492018655815
R_CNTN1,0.0002156665861844375
R_SPRY3,0.0002152091655580725
R_ARHGAP44,0.0002151926509465025
R_EFHD1,0.00021512014012090702
R_SLC24A3,0.00021477018823108155
R_RMI2,0.00021458545122393898
R_MPP7,0.000214426364288843
R_TMEM150C,0.00021434399225501698
R_DNA2,0.00021396277877931723
R_ELMOD1,0.00021389349340158556
R_ZMAT4,0.00021335933067567772
R_SLC2A9,0.00021299920945484673
R_TLR6,0.00021295710016657656
R_ARHGAP22,0.00021213797310154945
R_VRK1,0.0002118221701146263
W_FAM27D1,0.00021155608673554461
R_ABCA8,0.00021147443476176778
R_PCED1B,0.00021107596267345966
W_PARD6G,0.00021073641063977546
R_GAS7,0.00021062196799069688
W_ACSS2,0.00021054327628930775
R_LIN9,0.00021046021373215224
W_SPAG16.URGCP.MRPS24,0.00021030153692892854
W_CREB5.STARD13,0.00021022309531695726
R_SORCS3,0.0002102107377971386
R_PYGL,0.00021004086476256618
R_PDE11A,0.0002100102653792626
R_SLC46A1,0.00020998526783534534
R_RIMS2,0.0002098552906335762
R_PDE5A,0.00020965196096913225
W_ANXA11,0.00020960432345533295
W_CSMD3,0.0002094683572275328
R_CDH1,0.00020924727128245602
R_KCNJ15,0.00020918819754840823
R_TPO,0.00020917834433340749
R_NHSL1,0.00020907802111401407
R_ADCK5,0.0002088666330913809
R_UBE2E2,0.00020825329088293673
R_PROSER2,0.00020807352858340472
R_RNF182,0.0002078657177378815
R_RPLP0P2,0.00020782991870251926
R_BMPR1B,0.00020773230574873053
R_WDR49,0.0002075840956975576
R_KIAA1549L,0.00020755364571321046
R_FER1L6,0.00020686693222168726
R_DNAAF3,0.00020683631532372485
R_SLC44A5,0.00020646549463182014
R_ADD2,0.00020635648970906541
R_NUSAP1,0.0002062579485234246
R_MYT1,0.00020624915142279673
R_SPATA13,0.0002061314132217139
R_TLL1,0.00020611174035745216
R_SLC30A8,0.0002059374998292589
R_DOK7,0.00020582800218957168
R_ITGA7,0.0002058279889738067
R_PARD6G,0.00020571840919544968
W_PAPPA2,0.0002057025955101401
R_MAPK10,0.0002055774112795565
R_ITGBL1,0.00020518290756710598
W_DISC1FP1.DLG2,0.0002051392212434755
W_VSTM1,0.00020466205592972663
R_ABCG1,0.00020459872348244069
R_THRB,0.0002043184161084124
R_C5orf60,0.00020428749062081531
W_PPP1R3D,0.00020377065013695277
R_FAM163A,0.0002035253443918785
R_PLAC1,0.00020323648537435145
R_PDE4B,0.00020322636293711987
R_FANCB,0.000202951640651092
R_INSC,0.00020273016587368646
R_MAP3K15,0.00020269598886166147
R_ADAMTS14,0.00020261235357609526
W_FRG1.1,0.00020251932256064827
R_PPP2R2B,0.00020198500332715982
R_CYFIP2,0.00020195670242705285
R_LUZP2,0.00020194194125139822
W_FAM101A,0.0002013157545273022
R_CDK6,0.00020103472489402434
R_EYA1,0.00020095067345260705
R_DOK5,0.00020092811025502325
R_TAS2R43,0.00020038935304865157
R_PCDHGB1,0.00020029102031707033
R_LAMA4,0.00020020931640620253
R_APIP,0.0002002009453410306
R_CDCA3,0.00020016646280512535
R_PITPNM3,0.00019996204968215925
W_C20orf78.NLGN4X,0.0001996449160444603
R_NT5M,0.0001994622548466745
W_TMEM110.TMEM110.MUSTN1,0.0001993048919060312
W_TDG,0.000198830555055033
W_RP5.1142A6.7,0.00019880036751431041
R_HLF,0.00019868345943666884
R_PPP1R3B,0.00019840444135720017
R_EBF4,0.00019839000726817492
R_CDA,0.00019825127638795534
R_ADAMTSL1,0.0001981953420080313
R_CCDC144CP,0.00019812281833102145
R_LAMB4,0.00019788838442055373
R_PALMD,0.00019749967332588283
R_EMBP1,0.00019748523254697542
W_SEC24C,0.00019746980691914628
R_SRPX2,0.00019743713862901881
R_SYNDIG1,0.0001970941025016891
R_LMNB2,0.0001965674697356531
R_COL4A2,0.0001962998772460092
R_RGS7BP,0.00019620215773279325
R_NEGR1,0.00019608161680550112
R_SPINT2,0.0001957177976405734
W_UBXN11,0.00019563743873119593
R_GNA14,0.0001955888232046977
R_SLC25A21,0.00019555795766073536
W_JAKMIP2.AS1,0.00019540149489163686
R_PLIN2,0.0001953162428677963
R_FAT1,0.00019512472077948362
R_JPH1,0.0001947521911893888
R_MST1P2,0.00019441435265413548
R_FBXO5,0.0001943801005044707
R_SLC4A11,0.00019348337227577953
R_ST8SIA6,0.00019312245595249936
R_FMNL1,0.00019306549251901239
R_FANCD2,0.00019252832951763458
W_STX16.NPEPL1,0.00019238338170237228
R_RIMS1,0.00019234171484518026
R_GRIN2A,0.00019158341992595157
R_ZNF98,0.0001914913839370763
R_WHSC1,0.00019144935248744996
R_CECR1,0.00019131794179380387
R_DGKI,0.00019115933201674005
R_RYR2,0.00019100495944192453
R_CNGA1,0.00019096878426349095
R_STEAP3,0.00019091437170226262
R_RUNDC3B,0.00019070680616332467
R_ANKRD30BP2,0.0001906841210574968
R_ARSB,0.00019042845001975326
R_RASSF2,0.00019010540630161105
W_UMAD1,0.00019006397624035215
R_HDAC5,0.0001897488667621292
R_NCALD,0.00018970173679356113
R_A1CF,0.00018950139760292393
W_RP11.640M9.2,0.00018948716924066837
R_PKMYT1,0.00018941251476977484
W_URGCP,0.0001891886968881059
R_TMIE,0.00018918637038526498
R_DNAJC12,0.00018885307117397064
R_ZCCHC5,0.00018876521948144086
R_FAM198A,0.00018835574594419
R_SKA3,0.00018834011914004188
W_LOC441242.NT5C3A,0.00018821722249187146
R_PGBD5,0.00018797057420105775
R_ATXN1,0.0001878661133010612
W_RP4.704D21.2,0.00018715307565724787
R_NCAM1.1,0.00018694747488622106
W_RP5.1049G16.4,0.00018658212437054595
R_MARVELD2,0.0001864382815495151
W_STK3,0.0001864124741112756
W_RP11.33A14.1,0.0001861081340440159
R_PCDHGA6,0.00018584613466946903
R_NCOA7,0.00018581930745844514
W_RBMX,0.0001857993132151589
R_BAIAP2L2,0.00018568067220213586
W_NBPF1,0.00018528218974620935
R_CENPF,0.00018524646018582523
W_ITGAV,0.00018522379048160667
R_HCK,0.00018506688987730163
R_AFAP1L2,0.00018500000016401965
W_ERVW.1,0.00018467448436180307
R_ZDHHC15,0.00018459964135320722
R_ANXA10,0.00018433246009499517
R_PTH1R,0.0001841492453403223
R_FBLN1,0.0001840334416777086
R_PSG5,0.00018399617351813892
R_STON1,0.00018389596238278013
W_MUC4,0.00018370215604865612
W_COL9A3,0.00018322279325284078
R_PCLO,0.00018297527180852929
W_SOX21,0.00018296243282396403
R_GALNT5,0.0001829437480889394
R_COLEC11,0.00018262211522882126
R_PARD6B,0.0001822125365863997
R_NAALADL2,0.00018203993095654186
R_CENPK,0.00018198114413329032
R_MAMDC2,0.0001819279223366999
R_CACNB4,0.00018186554186554188
R_LIMCH1,0.00018161026158064448
R_SLC20A2,0.000181600736543281
W_RP3.358H7.1,0.00018138791895002662
W_CDH12.SHISA5,0.00018089581276646295
R_TMEM156,0.00018086172574158387
R_HIST1H3H,0.00018080090705255856
W_ATP2B4.LINC00260,0.00018072352735426297
R_HIST1H3J,0.00018063954609651433
W_SPATA13.TSC22D1,0.00018061269283679588
R_FREM2,0.00018059274577392144
R_SLC2A12,0.0001805164059381156
R_EXO1,0.00018045334794555663
R_ARHGAP24,0.00018026614120905175
R_HINT3,0.0001802433605534612
R_SPECC1,0.00018009602619737926
R_TULP2,0.00017994326675825392
R_HHIPL1,0.00017972045265851583
R_SLC35F3,0.00017952178181423177
R_TLE6,0.00017940004818638898
R_ALDH5A1,0.000179350326514586
R_XIRP2,0.0001792330688734605
R_CDC42EP5,0.00017918454191370514
R_RNLS,0.00017906130081954448
R_ARHGAP30,0.00017845407740202311
R_KCNU1,0.00017816949386535507
R_TRIM16L,0.00017802915620487527
R_ADRA1D,0.00017781664501544833
R_NT5C1B,0.00017778550441983193
R_TSHZ2,0.00017722716654963114
W_ARHGEF16,0.00017684489048521226
R_SASH1,0.00017681326427786994
R_PHF21B,0.00017665698406794714
R_RBM20,0.00017650486772417278
P_CDC5L,0.0001761510625351912
R_FMN1,0.00017607633817323909
R_ZNF711,0.00017517829645566314
R_ZFP2,0.00017495221193553772
W_TCF25,0.00017492308884857114
R_CAB39L,0.0001748653799362375
W_FAM208B,0.0001747031383394389
R_TANC1,0.00017468083590749958
R_CDH10,0.0001744720714998867
R_FAM189A1,0.00017446649207484378
W_DIAPH2,0.00017445912770064971
W_BTBD9.FRMD4A,0.0001740560710290775
R_ATL1,0.00017390521629021333
R_PLA2G7,0.0001738022316198317
W_ZNF141,0.00017379668733511215
R_ZFHX4,0.00017372073773516203
R_CD163L1,0.0001736074590366894
R_OVCH2,0.00017351958629634228
R_PCDHGA12,0.00017338605558398735
R_EYA2,0.00017260513675910997
R_AC008686.1,0.0001725764874651569
R_OBSCN,0.0001724723543448369
R_PSMC3IP,0.00017246211479286748
R_PSTPIP2,0.0001722652878327137
R_AUTS2,0.00017212286403370383
R_TENM2,0.0001720767423100971
R_CHRM2,0.00017178398136446035
R_ARHGEF4,0.00017160141762969646
R_SEL1L3,0.00017145991810745028
R_CSAG1,0.00017141706099192702
R_HUNK,0.00017098552979090097
R_MATN2,0.00017077744870223202
R_LEPR,0.00017056912726235934
R_GRIK2,0.0001705059848870313
R_NFATC2,0.00017048408960953528
R_GABRA3,0.00017029342379255296
R_ESRRG,0.00017004051146232157
R_TDO2.1,0.00016968636613438488
R_PTGES3L.AARSD1,0.00016952511118366697
R_FAM155A,0.00016949660820771845
R_BLM,0.00016900904049366037
R_LRMP,0.00016874559260870648
W_AMZ1.LRP1B,0.00016850979524777357
R_COX7A1,0.0001683761967977497
R_MAP2K6,0.0001681484561169401
R_TRPC6,0.00016800589397045416
R_ZNF519,0.000167707447221489
R_ICA1,0.00016767844701310504
R_OIP5,0.00016757291753518694
R_AOC2,0.00016749515719536866
R_GMPR,0.00016701456680195725
W_RP11.133O22.6,0.00016700936843194692
W_CPNE6,0.00016700012177063028
R_E2F8,0.00016684364730693775
W_TIMM44,0.00016664956413521646
R_CARD11,0.00016659946498268598
R_PHACTR2,0.0001661591038041119
R_SVEP1,0.00016602960187449124
R_GPRIN1,0.00016599618295099568
R_PARK2,0.00016587115264649071
R_ZNF737,0.00016577402395745122
R_ADAM23,0.00016521748327148918
R_SGCG,0.0001652084415081389
R_TRIM63,0.00016496618977201354
R_KIAA0040,0.00016485270453121882
R_KRT16,0.00016465783063487077
R_UNC5C,0.0001641325790760808
R_GAS6,0.0001640565422985958
R_CCDC148,0.00016398178999357086
R_CBS,0.00016397993080026818
R_ELOVL7,0.000163592565819697
R_FANK1,0.00016351488995685161
R_GPER1,0.00016349449402570853
R_GPR4,0.0001632291155662039
R_COL5A3,0.00016312661209323223
W_RP11.192H23.4,0.00016261143010050326
R_ERICH2,0.0001625998351725176
R_RSPO4,0.0001624863431489117
W_PDPR,0.00016234187232032086
R_KRT18,0.00016234157684490145
R_L3MBTL4,0.00016211615847179942
W_KRT16P2,0.0001620610223616652
R_PRKCDBP,0.00016164384560823065
R_EHF,0.0001614598505990435
R_BMP6,0.0001614146562795269
R_WFDC1,0.00016137882511147448
R_SNRPN,0.0001613066664177262
R_FEZF1,0.00016128800278978163
R_KCTD19,0.00016125333633449404
R_GLCE,0.00016122475888242572
R_TYRO3,0.00016106180815014413
R_MYH11,0.00016095251461460024
W_KIF5C,0.0001609059624658265
R_ELAVL2,0.00016085248684768
R_KIAA1024,0.00016052688672473758
W_LINC00431,0.00016047515404892106
W_BCAR1,0.00016024025930728658
R_CES4A,0.00016018646127209532
R_SERPING1,0.00016009988529618475
R_CXCL16,0.00015985725911377597
R_COL4A3,0.00015983221557248672
R_C19orf57,0.00015978700748777542
R_APCDD1,0.0001597825908004539
R_RGS7,0.00015943813268676755
R_KIF23,0.0001593770282016064
R_ADAP1,0.00015897736015774134
R_STXBP5L,0.00015863772419645226
R_TLE2,0.00015838851136998802
R_MEGF6,0.00015824754327117724
R_TEX11,0.00015813224918026877
W_HECW2,0.00015778366049948235
R_BAGE2,0.00015776538016414865
R_DCDC2,0.00015746050564315295
R_ANKRD44,0.00015744271451960702
R_CENPW,0.00015699786186460743
R_PTCHD1,0.00015698016292374161
R_DLGAP5,0.0001569709048644194
R_TMEM229B,0.00015692021807208947
R_EPHB6.1,0.00015675863800678223
R_VSTM4,0.00015668895803252472
W_ZNF664,0.0001566185733018459
R_PALM2,0.0001562549415482972
R_ATP8A1,0.00015612140890436838
W_ARHGAP44,0.00015609268405979813
W_PRSS1.1,0.00015571689561307288
R_IL32,0.00015571202541630715
R_EPS8L2,0.00015557616466344522
W_LINC.PINT,0.00015550997884672253
R_GABRA2,0.0001553916369132717
R_CYP4F12,0.0001552878024737854
R_CMAHP,0.00015508538945373997
R_COL6A1,0.00015506176096802916
R_INPP5D,0.00015475551885255412
R_MYCT1,0.00015465419103514194
R_ZNF429,0.00015423078908835905
R_KIAA0825,0.00015421800990232364
R_RP11.764K9.4,0.00015402476405784586
R_COPZ2,0.00015378135340542444
R_TRIM5,0.00015371115338596905
R_TREH,0.00015370895412285889
W_PPP6R3,0.00015353050316848756
W_FAM27E1,0.0001535155984558778
R_BTBD11,0.0001531956494915268
R_ZNF154,0.0001525721288180887
R_ADAMTS4,0.00015173908641102533
R_GDAP1L1,0.00015122362601984482
R_BRIP1,0.00015115312756939253
R_BPGM,0.00015108424865342227
W_RP11.763B22.6,0.00015097259110733076
R_MRAP2,0.00015088064367419464
W_PRR21,0.0001506434400588335
R_MAP7,0.00015052335980230233
R_MUSK,0.0001502816666087781
R_KLHDC7B,0.00015021903393135473
R_GPRIN3,0.00015000115411276433
R_CAMK2B,0.00014946860102975929
R_ETV1,0.00014923471238800055
R_PTN,0.00014907650535672188
W_ACSM3,0.00014902813586744956
R_ASRGL1,0.00014884706469947155
R_MYO18B,0.00014881160937255038
W_IDH3A,0.00014854552878177
R_ATP8A2,0.00014839194384616095
R_AMZ1,0.00014820431153523273
R_ZNF415,0.00014787989754770276
R_CCDC170,0.00014765068274877688
R_TLR3,0.00014758207872481158
R_SQSTM1,0.00014754627059770692
R_C1orf54,0.0001471284272189359
W_MUC3A.1,0.00014707357970114254
R_KLHDC1,0.0001462103588419434
R_GRK5,0.0001460631386692878
R_MTTP,0.00014604956493979854
R_PCDHB3,0.00014585043293574744
R_RASGEF1A,0.00014561708583816507
R_PLXNC1,0.00014554757754055433
R_FAM210B,0.000145397919931489
R_ANKRD20A5P,0.00014498170979066415
R_ADAMTS6,0.00014495930680330008
R_C17orf100,0.00014482059505571096
R_APLF,0.00014474874125090223
R_CACNA2D3,0.00014473061202747287
R_DDX11L2,0.0001445178674025422
R_MSR1,0.00014432911536959857
R_TIMP2,0.00014429867969727883
R_ROBO2,0.00014406648316024831
R_FRAS1,0.0001440489089370699
R_TDRP,0.00014397179323843886
R_ERC2,0.00014379812867190215
R_SMOC1,0.00014353802807402072
R_ITGA8,0.000143039997982772
W_LRRC45,0.00014285523123348342
R_ST3GAL1,0.0001428098133046563
R_PLEKHG7,0.0001427022183605794
R_CD79B,0.00014266301351626757
W_KHDRBS3,0.0001425690884370362
W_WWC2,0.00014231063742108958
R_TBXA2R,0.00014199529920924897
R_FIBCD1,0.00014117332864507773
R_PTPRZ1,0.0001409743994487149
R_DEPDC1B,0.00014085977250215942
R_NPAS3,0.00014042708964730693
R_C4orf22,0.00014038814970205855
W_DEF8,0.0001401004625220784
R_PLCH1,0.00013964470225810434
R_DIP2C,0.00013943527149576108
R_ITGA2,0.0001390692533281042
R_DOCK10,0.00013887533377972286
R_CD93,0.0001388639389079162
R_LTF,0.00013867944034184557
R_CNTNAP3,0.00013846996689123402
R_CNTN6,0.00013834648258059278
R_FAM13C,0.00013834502198112846
W_MRPL4,0.0001383257062623456
R_F11R,0.0001381602036026674
R_FAM27E1,0.0001379830765763843
R_SPTLC3,0.0001376974196689187
R_LPAR1,0.00013768450223334937
R_ITPR2,0.00013764626985312073
R_SOX5,0.00013755118375578684
W_RP11.481A20.11,0.00013750947131206144
P_MYH10,0.00013734769489791721
R_CACNG7,0.00013722610655305634
R_TMEM108,0.0001371997167451924
R_KIFAP3,0.0001371122590896637
R_LGR4,0.00013698389125514824
W_NBPF12,0.00013688572618174926
R_TACR3,0.00013682604717346028
R_FAM184A,0.00013642583976024555
W_AC092170.1,0.00013623619492325077
R_KIAA0101,0.00013619755850394308
R_DAB2,0.00013584116803028613
R_ADAMTS17,0.00013582556851998774
R_TMEFF2,0.00013576511035794255
R_CRIP2,0.00013559792720174883
R_CSGALNACT2,0.0001354992033711546
R_FHOD3,0.00013549189369443988
R_MYH8,0.00013521611591118976
W_KIAA1468,0.00013521394548243726
R_TGFB2,0.0001350656169743647
R_RNF128,0.00013500300262200867
R_GAS2,0.00013494304453973437
R_ZNF815P,0.00013464881734347262
W_CYP4F29P,0.00013448587469127652
R_BCL11B,0.00013440710584003394
R_CRISPLD2,0.00013394340140207984
R_RFTN1,0.00013391061255455257
R_ARL5C,0.00013389988746614944
R_PCDHGB2,0.0001337266924547635
R_C10orf67,0.00013334716022964232
W_AC079779.5,0.00013299560295903468
R_TSPAN4,0.00013290135970227856
R_SLC45A2,0.00013271154596953663
R_SLC12A7,0.00013268094734941193
R_RBMS3,0.000132510416150914
R_FAM65B,0.00013224090350670147
R_RFC3,0.00013178400354386667
R_AKR1C2,0.0001317695967523682
R_RGS17,0.00013145981532200986
R_DNAH1,0.00013128751732104614
R_MTF2,0.00013112296858659828
R_TRABD2B,0.00013096776014635215
R_FAM172A,0.00013082413677599204
W_LDB3,0.00013076871031463696
W_COX7B2,0.00013071217453906897
R_SH3PXD2B,0.00013051153293128638
R_COLEC10,0.00013048973547711982
R_NEDD4,0.00013048801611569667
R_COL4A4,0.00013033062334150597
R_CD38,0.0001303068526112627
R_KIF4A,0.00012992654309783297
R_BARD1,0.00012979646069785717
R_PIK3CD,0.00012958879709629867
R_SDSL,0.00012940911854374948
R_GCNT2,0.00012939817760436494
R_TDRKH,0.000129275656163595
R_ST6GALNAC5,0.0001290366373177168
R_KCNN2,0.00012883440390208287
R_PTPRM,0.00012869329670686492
R_VTN,0.00012855837742881118
R_C4BPA,0.00012852041058784573
W_DSCAM,0.00012850871849371596
R_FOXO6,0.00012822704595510524
R_RPH3AL,0.00012810961997716797
W_GMDS.GMDS.AS1,0.00012806951143659525
R_AMDHD1,0.00012803684337637467
R_ROR2,0.0001279763910584412
R_C15orf59,0.0001278209086507928
R_SBK2,0.00012755319176255113
R_TGM5,0.00012737866839249024
R_PKP2,0.00012728265002897408
R_KIT,0.00012710220891996274
R_CLEC17A,0.00012679491238499246
R_ZC3H6,0.00012675791373744453
W_FCHO1,0.00012649856857580697
R_TMTC1,0.00012646093307699084
R_PITPNC1,0.00012640157718293204
R_NTRK1,0.00012612935045499927
W_INF2,0.00012598477721520443
W_TERF1,0.00012585598420675263
R_TDO2,0.000125780909047847
R_ST18,0.00012576005191617716
R_NBEA,0.00012572637915739772
R_SH3GL3,0.0001254025906997291
W_RP11.705C15.2,0.0001249264524477778
R_ANKRD33B,0.00012465374771213772
R_TGM4,0.00012455089438893148
W_OR4D10,0.00012454784991332106
R_RASGRF1,0.00012450210685352895
R_NRG2,0.00012440024831259668
R_ABAT,0.00012422686236810953
R_HSPA12A,0.00012417612581116637
W_RP11.141C7.3,0.00012410929198054273
R_ASB9,0.0001240438302577105
W_ZNF77,0.00012383021469893684
R_SHANK2,0.00012328914831823105
R_SLC1A1,0.00012320455995316795
R_C8orf44.SGK3,0.00012302352058698616
R_CACHD1,0.00012294976301076356
R_TMTC2,0.00012286134315737102
R_TMC7,0.0001227686929735068
R_NPAS2,0.00012241204310938528
R_FAM27D1,0.00012225945735090833
W_PRDM15,0.00012209462778193606
R_SLAIN1,0.00012197465504980412
R_GPC2,0.00012194539162523894
R_SLCO1B3,0.00012194007922258672
R_MBOAT1,0.00012189241327557525
R_LRRC4B,0.00012181857305746398
R_PLXNA2,0.00012177059122894951
R_KCNQ5,0.00012171336735007448
R_GTSE1,0.00012164587355335886
R_RGS9,0.00012162706601754582
R_CFTR,0.00012136439246618294
R_CARD10,0.00012127052862197459
R_CDH2,0.00012112638539658867
R_ARHGEF37,0.00012084131347088054
R_LRRC2,0.00012058270544544822
R_FAM35DP,0.00012055956236466736
R_ALDH1A2,0.00012022612909773655
R_SYNE2,0.00012016840986632986
R_DNAH7,0.00011995329873519714
W_C17orf66,0.00011982557769659854
R_CTNNA2,0.0001198138171509473
R_PELI2,0.00011979329056305652
R_PXDNL,0.00011965643483389085
R_TCP11,0.00011961972984740263
R_PCDHGA11,0.00011957610603671296
R_PRKG1,0.00011944786595804072
W_GGTLC3,0.0001194466659355792
R_PPM1L,0.00011933680980764765
W_AL133481.1,0.00011921843766343239
R_SLC25A19,0.00011900876725146907
W_B4GALNT4,0.00011893813859175766
R_MSH4,0.00011774497985555894
W_CCND2,0.00011771969387684627
W_ANKLE1,0.00011766995711523439
R_CRIPAK,0.00011749987874063327
R_TMEM220,0.0001174518401350727
W_ZNF808,0.00011736507731761908
R_ASF1B,0.00011713220659881576
R_TMEM187,0.00011700070198201373
R_ZNF665,0.0001167908622586373
R_KCNQ3,0.00011678957898509066
R_CDC14A,0.00011650410665604232
W_RP11.454P7.3,0.0001165017194718774
R_PHACTR1,0.00011649550584932842
R_ZSCAN18,0.00011637938977458701
W_AC097467.2,0.00011636585355194524
R_COL27A1,0.00011629539365453345
R_ANKRD30BP1,0.00011612500219328488
W_MAPKAPK2,0.00011603483512376034
R_EFNA5,0.00011589836807908535
W_RBM27,0.00011576590039527315
R_CORO2B,0.00011568880458425887
R_MSI2,0.00011565514347725501
W_RP11.1281K21.10,0.00011557019896945375
R_SPTBN4,0.00011555841648360712
R_ASIC2,0.00011555803426287587
R_SORBS1,0.0001154280055050158
R_CHODL,0.00011542308512204855
R_PTPRE,0.00011533018826395959
R_ACOT4,0.00011528045618339853
R_SLC2A14,0.00011524538534221233
R_EMC3.AS1,0.00011505164849282452
R_GRID2,0.00011495933534980418
R_TPPP,0.00011487422237792204
R_LAMA1,0.00011485060768197709
R_ACSBG2,0.00011467115678539122
R_BAHCC1,0.00011457455981549922
R_GREB1,0.00011452147762564193
R_MTHFD1,0.00011419927566307044
R_HGF,0.00011410824602171228
R_INPP5A,0.00011366263486367107
R_WBP1L,0.00011358983917903793
R_HCN1,0.00011342468887466296
R_TRHDE,0.00011341036551750716
W_POLR3G,0.00011340569593399552
R_TIAM2,0.0001132512216000791
R_SLCO3A1,0.00011318551559102805
W_SLC9B1P4,0.0001128033278842879
R_C17orf103,0.00011264132591697003
R_PPM1E,0.00011245634227437084
W_NOMO2,0.00011238147324823824
R_CDCA2,0.00011231063434255057
R_MYL5,0.00011210387120680754
W_ITGB1BP1,0.00011202347522844857
R_NBPF13P,0.00011191672314544319
R_PKNOX2,0.00011188261484582482
W_RP11.764K9.1,0.00011163371886992182
R_ADTRP,0.00011158754720899662
R_RCN3,0.0001115633127313894
R_KCNK13,0.00011153606891899337
R_KRT8,0.00011126566101253792
W_ARFIP1,0.0001112169572731624
R_CALML4,0.00011119131375143412
R_PCDHGB6,0.00011101196239346449
W_AC073333.1,0.00011065386801265295
R_EML1,0.00011046683455222288
W_CTBP2,0.00011045237772949599
R_LPCAT2,0.00011015806110011188
R_MSANTD3.TMEFF1,0.00011010154317857941
R_CNTRL,0.0001099552305147588
R_PHYHD1,0.00010973752250107753
R_THSD4,0.00010962591735072169
R_FAM167A,0.00010957216334763551
R_PAK6,0.00010927061343930124
R_COL5A1,0.00010914610592659372
R_C8orf31,0.00010913778758765855
R_DOCK3,0.00010911236874413932
R_TMEM170B,0.00010885223985583903
R_ZCWPW2,0.00010864878981999282
R_COL21A1,0.00010859162533594929
R_ZBTB32,0.00010849096680657956
R_DCLK2,0.00010841072807056763
R_CDC20,0.00010837529583584022
R_UCP2,0.00010832641156088973
R_NFATC1,0.00010824641494571998
P_GPC1,0.000108109100733691
R_EVI5,0.00010786258811341573
R_KIF17,0.00010766298731965546
W_CYP4F31P,0.0001075665334028298
R_GPC1,0.00010752265922232176
R_KIF5C,0.00010749986178376156
R_EDARADD,0.0001074580167139445
R_ELFN2,0.00010741621652437196
R_LRLE1,0.00010741348125346504
W_C4orf50,0.00010704819394214797
R_NEO1,0.00010695978867426938
R_FAM20C,0.00010675980869461927
R_ARHGEF28,0.00010674234667302807
W_PCMTD1,0.00010653750352289559
W_TAS2R43,0.00010647367439868307
R_VSTM1,0.00010645797106426413
R_MYO10,0.00010645108538791865
R_CHURC1.FNTB,0.00010574652014652015
R_SLITRK6,0.00010557237244075698
R_DHFR,0.0001054514008393066
R_MYH15,0.00010494007291823742
R_TDRD9,0.00010490221271109585
W_FAM182A,0.00010490210047006148
R_CTSD,0.00010451774465170206
R_CDH5,0.0001044873455514216
R_CCDC181,0.00010438221002474882
R_FTCD,0.00010435948099213881
R_SH3D19,0.00010399144430352068
R_ABCA13,0.00010398999095829511
R_CLSTN2,0.00010384281452372131
W_SERPINA1,0.00010382831537193076
R_KSR1,0.00010357999748460813
W_DPY19L4,0.00010345120076759016
W_STXBP5L,0.00010339026585003767
R_NETO1,0.00010311708362780455
R_TMEM175,0.00010304963788682055
R_EPHB2,0.00010299150552206952
R_FAM196B,0.00010275128484143003
W_CACNA1B,0.00010267644034770565
R_PTEN,0.00010256057479376499
R_AKAP12,0.00010235154520755114
R_IL1RAPL2,0.00010224479598560346
R_ZNF521,0.00010223457038190346
R_CENPE,0.00010215800894094155
R_NME3,0.00010172156015149409
R_REEP1,0.00010167335376965035
R_AK3,0.00010167230016514641
R_SYNM,0.00010162905535859314
R_CACNG4,0.00010152928676605557
R_B4GALNT2,0.00010148391718174028
R_TMEM71,0.0001014139206178097
R_SPHKAP,0.00010125357883009185
W_CDC27,0.00010117515609608317
R_RPSAP52,0.00010059928126295148
R_FAM124A,0.00010056562287948368
R_FLT1,0.00010050017143754031
R_LDB3,0.00010045790212318139
R_LAD1,0.00010035438950665108
W_EVI5,0.00010035369884376434
R_SIPA1L3,0.00010030631608164309
R_SNX10,0.00010017275372433874
R_PLCB1,0.00010008436355940154
R_SYT9,9.994325039018161e-05
R_TOM1L1,9.990465147927932e-05
W_TBL1X,9.976323899279071e-05
R_HFM1,9.969066402589692e-05
R_CERKL,9.951805944901207e-05
R_CUX1,9.93799247342054e-05
R_ERG,9.933947645408717e-05
R_UACA,9.931099838076837e-05
R_FKBP5,9.909700339571904e-05
R_DLG2,9.900254174686735e-05
R_PLEKHA7,9.892923943372319e-05
R_HNF4A,9.875958721561903e-05
R_IL34,9.87511444566418e-05
R_RENBP,9.87103469853407e-05
R_GRIP1,9.862318600497398e-05
W_FMNL2,9.858782984061922e-05
R_CAMK4,9.843981413602857e-05
R_EEF1DP3,9.83422519509476e-05
R_PCDHGA5,9.830577029021878e-05
R_PIWIL2,9.815069345844289e-05
R_CLCN5,9.798924412313879e-05
W_C17orf103,9.797431908348607e-05
R_SGK1,9.790674012869196e-05
R_NDUFC2.KCTD14,9.774709217162896e-05
R_PCDHGB7,9.765631472073012e-05
R_LPHN1,9.762327606669012e-05
R_FHAD1,9.761417380653307e-05
R_PYGM,9.749845710118327e-05
R_FGF12,9.749112771991153e-05
R_PPFIA4,9.748568967913216e-05
R_DSE,9.747500178956288e-05
R_CCSER1,9.712626313365311e-05
R_FAM107B,9.677268571921196e-05
W_ARHGEF4,9.672020899108874e-05
R_TPK1,9.671884330838785e-05
R_ESPL1,9.641616472382697e-05
R_CABYR,9.613624962670322e-05
W_ARHGAP35,9.606443740019772e-05
R_GRID1,9.593110198092404e-05
R_PPM1H,9.590153162286676e-05
R_MECOM,9.581849223131148e-05
W_DST,9.557624631120241e-05
R_FAM182B,9.549549822588415e-05
P_TPR,9.537472753972487e-05
R_ZYG11A,9.536454841581495e-05
R_DDR2,9.526662745487464e-05
R_PDE6B,9.525953262371136e-05
W_SMG5,9.50343434662916e-05
R_SUSD1,9.498729446523631e-05
R_THSD7A,9.487258179501938e-05
R_SPRYD3,9.478406035777698e-05
W_GULP1,9.46543821042886e-05
R_NCEH1,9.44831711558624e-05
W_CUL9,9.445097637137365e-05
W_RP11.64C12.3,9.418118407274706e-05
W_PRSS3P1,9.415113420011905e-05
R_ANKRD20A3,9.411900575880699e-05
W_CMIP.WFDC1,9.40381519578498e-05
R_C4orf19,9.395237823537578e-05
R_SPTBN1,9.393037094459055e-05
R_LHFP,9.380805088497404e-05
W_C2CD3,9.378382435216897e-05
R_GCKR,9.376995044380873e-05
W_PIK3C3,9.3745456032086e-05
R_GPC5,9.370511463736919e-05
R_DNAJB13,9.36999945926454e-05
R_ESRRB,9.359417927224321e-05
R_CPA5,9.346378294317828e-05
R_NLRP3,9.313363242984592e-05
W_DPP8,9.307780817724932e-05
R_SIRPA,9.302147639818577e-05
R_PCMTD2,9.297081767062572e-05
R_GABBR2,9.260941468709413e-05
R_SLC4A8,9.260134019857083e-05
W_TRBV5.4.1,9.253766732510445e-05
R_SP8,9.249597028024194e-05
R_CHTF18,9.24514104501154e-05
R_ELMO1,9.229262558827422e-05
W_MMP27,9.22773709835028e-05
W_WFDC1,9.221557071405773e-05
R_PCDHB10,9.217074720083597e-05
R_ALS2CR11,9.21492034759032e-05
R_NUP155,9.199710973777427e-05
R_TTLL6,9.189728806320731e-05
R_WNK3,9.185519686920499e-05
R_CDH7,9.164632532855439e-05
R_PDE6G,9.156315627998662e-05
R_TBC1D4,9.151664369374922e-05
W_AC187652.1,9.144671201814063e-05
R_C11orf63,9.133485515907259e-05
R_PPP2R2C,9.115928932681366e-05
R_SLC22A18,9.110733288448085e-05
W_AP006285.1,9.106764159430548e-05
R_HYDIN,9.104658994521426e-05
R_GRID2IP,9.1002586184254e-05
R_ADCY10,9.096495094497113e-05
R_RELN,9.09418828802486e-05
W_KIF15,9.059787758639502e-05
R_HERC4,9.05920670173404e-05
R_PDLIM3,9.059145719621177e-05
R_SLC9A3,9.048679215481973e-05
R_ZNF681,9.037547352785991e-05
R_VSIG10L,9.035237210791163e-05
W_HMGCLL1,8.999249559673318e-05
W_LINC.PINT.2,8.999184282689438e-05
R_STXBP6,8.96743937983885e-05
W_NUDCD1,8.950763022584392e-05
R_RASAL1,8.941937371058062e-05
R_PCP4L1,8.903886983635667e-05
R_RNF212,8.896972587919086e-05
R_MST1L,8.890207339252918e-05
R_ULK2,8.884787169639745e-05
R_ABRACL,8.855334730077802e-05
R_JAM3,8.831511104794978e-05
W_FIGN,8.827020524612501e-05
R_KIAA1671,8.787424974525758e-05
R_NLRX1,8.786094728412143e-05
R_AGBL2,8.783313374173074e-05
R_CCDC36,8.751946246134449e-05
R_TMEM132B,8.745187041549249e-05
R_BEAN1,8.737210894755335e-05
R_COL4A1,8.723551624633874e-05
R_ARHGAP42,8.709665763324301e-05
R_ITGA4,8.688662939037748e-05
W_ACACA.PARD6G.AS1,8.684706249475182e-05
P_MYO1B,8.667130763972868e-05
R_KDM7A,8.661248269610013e-05
W_CRIPAK,8.655286902175048e-05
W_NUP98,8.626913635249986e-05
R_RP11.1281K21.1,8.608650676518068e-05
R_GRIA4,8.604960762238545e-05
R_CTNNA3,8.600862286087181e-05
R_CABP1,8.575910056073421e-05
W_RPL13A,8.569468967751201e-05
R_FUT8,8.564102896936478e-05
R_CHST15,8.563480607365655e-05
W_MFF,8.557929731695903e-05
R_RP11.17M16.1,8.541107386963994e-05
R_PDE1C,8.496837973113898e-05
R_MND1,8.477976145124275e-05
R_PREX2,8.473827009138785e-05
R_DACT3,8.472550714432251e-05
R_ABCD2,8.465081584598774e-05
R_GLIS1,8.453968575044812e-05
R_PGR,8.449777453863974e-05
R_NOVA2,8.446144259297807e-05
R_FAM19A5,8.443955614463217e-05
W_RPS10P28,8.432194171772353e-05
R_PACRG,8.426292859678374e-05
R_USB1,8.425057901440795e-05
R_HERC5,8.42219980219507e-05
R_MB21D1,8.410881874356318e-05
R_SHC3,8.397776401616416e-05
R_NSUN7,8.38504503312912e-05
W_FADS6,8.366630440689957e-05
R_VIT,8.358544298243083e-05
R_FGD5,8.353332125353907e-05
W_PRB3,8.352655737405143e-05
R_LCP1,8.343693319848353e-05
R_ZNF528,8.31658754637983e-05
R_PAX6,8.273196089383738e-05
R_MTURN,8.272022610164634e-05
R_ABCB1,8.247514458236961e-05
W_GSTT2,8.24596479768894e-05
R_CDS1,8.226863172669623e-05
R_FAM21A,8.209369939282787e-05
R_EGF,8.205731114552124e-05
R_NRP1,8.18356919820797e-05
R_MAMLD1,8.182236409926474e-05
R_SEMA5A,8.166837687686621e-05
R_RGS6,8.163282679678214e-05
R_RIMKLA,8.162060930741746e-05
R_STK32B,8.160817630407183e-05
R_PCDHGB4,8.145002437985369e-05
R_PCDHGA8,8.138030428353009e-05
R_TXK,8.11493796101024e-05
R_SORCS2,8.113774525164218e-05
R_STAC,8.08973003550576e-05
R_RIMS3,8.085802061649301e-05
R_DPYSL3,8.082659887192171e-05
R_KIAA0408,8.073578048938588e-05
R_ARRB2,8.073295809881175e-05
R_LURAP1L,8.059773757859697e-05
R_PADI4,8.056274579257604e-05
R_FKBP11,8.04668344543268e-05
R_PGPEP1,8.03817270942109e-05
R_TSPAN8,8.03470944046821e-05
R_KCNAB2,8.031531114938068e-05
R_ADORA2B,8.023165537398841e-05
R_ARHGAP6,8.013211021111275e-05
R_RHPN1,8.009180748301263e-05
W_IGHV4.4,7.966063029595018e-05
R_PSAT1,7.946979243719165e-05
P_P4HA1,7.943505738090823e-05
R_ZMAT1,7.896257059681126e-05
R_GRASP,7.89224125780333e-05
R_ATP8B4,7.876050081174444e-05
R_SAA1,7.870398535544297e-05
W_AMOTL2,7.869892205337751e-05
R_DCHS2,7.847468960259987e-05
R_GRIN2B,7.842458304320208e-05
R_SESN2,7.821503468986693e-05
R_PIK3AP1,7.816103615945623e-05
W_NCAM2,7.810577424153595e-05
R_SETBP1,7.805828136960355e-05
R_EPB41L4B,7.793041709935573e-05
R_ITGA9,7.789013363640232e-05
R_PCDH15,7.78160172482314e-05
R_FAM188B,7.774544630529874e-05
R_ZNF578,7.764541297281895e-05
R_TMEM184A,7.755135824603924e-05
R_CA13,7.751666551697876e-05
R_ANO4,7.748801579861207e-05
R_AFF3,7.742442088731843e-05
R_GPLD1,7.718201817327806e-05
W_LOC101927571,7.68786189023943e-05
R_ZNF492,7.686261108604567e-05
R_GSAP,7.677216698853204e-05
R_DNAH14,7.675500578182778e-05
R_WNT2B,7.672254580389222e-05
R_TTC29,7.6339807306755e-05
W_MYO9B,7.633754177518596e-05
R_RSPO2,7.624496376211128e-05
R_TSNARE1,7.623169849134332e-05
R_CDH4,7.621112747637693e-05
R_COL16A1,7.60841849765995e-05
W_ZFHX4,7.589004145076234e-05
W_CD163L1,7.573385613321716e-05
R_KIAA1324,7.570199667846265e-05
R_CTNNBL1,7.55879756659346e-05
W_VPS13B,7.539719195489878e-05
R_XYLT1,7.52686427067192e-05
R_PLA2G4A,7.51779105743608e-05
W_ZNF813,7.517195023502558e-05
W_FAM27C,7.511979333975802e-05
W_EP400,7.51157369072378e-05
W_LOC101927752,7.497538381159072e-05
R_MPP4,7.480046834885545e-05
R_QPRT,7.458025671713904e-05
R_CCPG1,7.452563338983478e-05
R_FAM151B,7.439840967471168e-05
R_ATP9A,7.4349651521834e-05
R_CHRM3,7.431774020827892e-05
W_TSHZ1,7.416192334661256e-05
R_DEK,7.393283967678177e-05
R_CLCA2,7.388223640597694e-05
P_UGDH,7.371895698574465e-05
R_CEP128,7.336233945529851e-05
W_RP6.206I17.1,7.332094979981854e-05
W_UBR2,7.315421118641578e-05
R_AKAP3,7.302799302799301e-05
R_SCUBE2,7.293075320065127e-05
R_CPED1,7.279624320481313e-05
W_MYHAS,7.259796894332858e-05
R_BRINP3,7.253361705412163e-05
R_RARRES1,7.245555315035886e-05
R_ADAMTS2,7.214347172186425e-05
R_SH3PXD2A,7.211903190404412e-05
R_ITGB3BP,7.187346174091736e-05
W_AL591684.1,7.180718558851739e-05
R_PPP4R4,7.158568792276506e-05
R_STAB2,7.153296239037995e-05
W_AC068620.1,7.148077779456358e-05
R_SNTB1,7.11978931665047e-05
R_DUSP16,7.109297658862876e-05
W_SLC25A36,7.10884504769432e-05
R_ARSD,7.100049513108761e-05
R_HIF1A,7.098761508144254e-05
R_AKAP6,7.089597917353683e-05
W_ADAMTSL3.PARD6G,7.076728826728826e-05
R_P2RX1,7.06008760057147e-05
R_RBL1,7.05090575798403e-05
R_GNAO1,7.014022720051653e-05
W_ZNF385D,7.001087192868015e-05
R_SLC9A2,6.999842841426999e-05
R_KLHL3,6.992742608900567e-05
R_KIRREL3,6.9745077171937e-05
R_SNAPC1,6.96885228675671e-05
R_PIGB,6.955235225755827e-05
R_ACSM5,6.938574345326656e-05
R_ITGAV,6.938378911061837e-05
R_ACTRT3,6.935829544712817e-05
W_DNM2,6.924181727567404e-05
R_DCLK1,6.919122074925162e-05
R_OSBP2,6.916158707884697e-05
W_OSMR.AS1,6.914377152983051e-05
W_DGKQ,6.905646078059872e-05
W_RNU5E.1.SSBP2,6.898375110796567e-05
R_NXN,6.887372194264717e-05
R_TRPA1,6.871895131075362e-05
R_MCM8,6.858544456588554e-05
W_ANKRD30B,6.841544197695559e-05
R_TTN,6.838304259422976e-05
W_RP11.333E1.2,6.832581647267568e-05
R_NFIB,6.831531712148813e-05
W_USH2A,6.821178047434219e-05
R_NR3C2,6.815796750394139e-05
R_GALNT15,6.800301146238937e-05
R_RPRD1B,6.797329957404039e-05
W_RHPN2,6.782925705697175e-05
W_DTNBP1,6.75559038662487e-05
R_MYL7,6.743988269794722e-05
R_CPD,6.743957864865746e-05
W_ZSCAN21,6.731181049304165e-05
R_ASB3,6.71264367816092e-05
R_FAM19A2,6.710282236911131e-05
R_MTUS1,6.709185665509368e-05
R_RHOQ,6.702889183615355e-05
R_SLC9A9,6.700205764007135e-05
R_VAV3,6.681243390225832e-05
R_TBX18,6.677687960119392e-05
W_RNU5D.1.SSBP2,6.676247132476181e-05
R_WDFY4,6.655682652302716e-05
R_NEBL,6.654444847935545e-05
R_NPEPL1,6.630216614029533e-05
R_HAUS8,6.620471065897491e-05
R_VSTM5,6.619100012493774e-05
R_L2HGDH,6.611718924869394e-05
R_NRXN1,6.606345616556381e-05
P_ANLN,6.59848607458674e-05
R_TEX30,6.581973402468019e-05
R_ABCA10,6.57830810889765e-05
W_RP1.240K6.3,6.577672430026595e-05
R_ZNF367,6.571674381372992e-05
W_NAPA,6.560053723481494e-05
R_FNDC5,6.545942087971072e-05
W_SFXN2,6.541646568995632e-05
R_GRIK1,6.502113646293032e-05
R_TACR2,6.491086155928378e-05
R_DAAM2,6.488720693929349e-05
R_SEMA4B,6.457129455909943e-05
W_HAS2.AS1,6.451250064904437e-05
R_PDE3A,6.431768536006205e-05
R_BAIAP2L1,6.423718169864055e-05
W_NEGR1.NEGR1.IT1,6.412641378410922e-05
R_MAL2,6.409637987786025e-05
R_PRR11,6.404757519468904e-05
R_PPP1R9A,6.403358879410909e-05
R_IL2RA,6.348956650689127e-05
R_ANGPTL6,6.334024928367056e-05
R_PCDHGA10,6.321853965532127e-05
R_CBLB,6.299472706967736e-05
W_CYLD,6.278545317992943e-05
R_GJC2,6.256729709469144e-05
W_CDKN2A,6.240016699718191e-05
R_RAB40B,6.224404889629123e-05
R_IMMP2L,6.215565080081209e-05
W_KB.67B5.17,6.209423820608756e-05
W_GPD1L,6.207521921756813e-05
R_PDE4D,6.195119020732257e-05
W_ZNF532,6.191227948829996e-05
R_PGM2,6.1767226957241e-05
R_OTOGL,6.166856006535877e-05
R_MDGA1,6.155359313705045e-05
R_IRF4,6.14971856036742e-05
R_B4GALT1,6.122991077879919e-05
W_FBXL17,6.0734453567747425e-05
W_TMTC1,6.071416691474804e-05
R_SLC7A10,6.0659855448137026e-05
R_COL22A1,6.064188923877436e-05
W_PLCH2,6.063012944033402e-05
W_AK5,6.033523827571855e-05
R_KCNMA1,6.0132952122076886e-05
R_ITGAL,5.999781543198984e-05
R_ANKRD18DP,5.992006862943345e-05
R_JADE3,5.991875269204945e-05
W_RUSC1,5.991323858076366e-05
R_CCDC80,5.9874452076807924e-05
R_LHPP,5.987440386267365e-05
R_PCDHGA9,5.9859813308983777e-05
R_SAMD11,5.971540687670309e-05
R_IL1RAPL1,5.958648758648758e-05
W_CCNB1IP1,5.946344016030429e-05
R_DTNB,5.942477876106195e-05
R_CCBE1,5.8919554204660594e-05
W_AP000936.5,5.8915353303412995e-05
R_FCRL2,5.88227969897982e-05
R_FHIT,5.868267403024834e-05
R_SPAG1,5.8578149657996506e-05
W_SERPINA12,5.8552428079898736e-05
R_ZNF826P,5.8512982341705245e-05
R_ABCA1,5.834514922300967e-05
R_CLVS2,5.80409526575661e-05
W_ABCA8,5.803840885383701e-05
W_KRTAP10.6,5.7850630314722796e-05
R_ATP2C2,5.7848746685372054e-05
R_RAD51,5.784427106276062e-05
R_TMEM132D,5.7758018496654876e-05
R_MEIS1,5.771401962891324e-05
R_TMBIM4,5.764074481692868e-05
R_CYBA,5.759880314724396e-05
R_CLIP2,5.7497760081492146e-05
R_FTOP1,5.7485056912507025e-05
R_ZNF239,5.7335693719472037e-05
R_SMCO2,5.7310040902956496e-05
R_LINGO2,5.7300805222859585e-05
R_IQGAP3,5.6983493077742285e-05
R_SMPD3,5.668142233023754e-05
W_SLC9B1,5.648459046552748e-05
W_RB1CC1,5.642280976770183e-05
R_UAP1,5.6258143074581434e-05
R_STX16.NPEPL1,5.6235239039213593e-05
R_GRIN1,5.5993008930019014e-05
R_REPS2,5.582174806459006e-05
R_ARL6IP6,5.573760873107694e-05
R_PRKX,5.570334666254785e-05
R_STS,5.549897871871259e-05
R_RASA4,5.5358903513039316e-05
R_ZCCHC24,5.533611687650919e-05
R_OTOA,5.527296639972211e-05
R_GABRB3,5.5251141552511415e-05
R_SESN1,5.524359994097903e-05
R_FGF14,5.524061862991846e-05
R_KALRN,5.514438069788623e-05
R_RHPN2,5.489785451268359e-05
R_MYH10,5.479407955632577e-05
W_SLC3A2,5.4754338853087514e-05
R_KSR2,5.464355824779854e-05
R_AGPAT4,5.4642355593654155e-05
W_RBM6,5.454351465275022e-05
R_DACH1,5.4440268602947814e-05
W_GRIP1,5.440540003970617e-05
W_ANK3,5.426930152765876e-05
W_HRNR,5.422055302876821e-05
W_LINC01428,5.419672072841087e-05
R_ADCY5,5.418779872087504e-05
R_NAV2,5.415404766001708e-05
R_PLBD2,5.411347517730497e-05
W_RP11.166J22.1,5.4113475177304956e-05
W_SERPING1,5.407070050072789e-05
W_GS1.259H13.2,5.3928026870332866e-05
R_ENPP4,5.382755088033926e-05
R_ZNF880,5.342996139977578e-05
R_NDST4,5.303821886813089e-05
R_C5AR2,5.281660846442188e-05
R_PRRX2,5.273442490197838e-05
R_KIAA1958,5.272771636520721e-05
R_NKAIN2,5.255299745396253e-05
R_MGLL,5.246913580246913e-05
R_CYP4F29P,5.241875488574082e-05
R_ZMYND11,5.222646429460356e-05
R_SH3TC2,5.2043683947284505e-05
R_CNTNAP3B,5.1963834801370104e-05
R_RAB6B,5.195862529195862e-05
R_PLEKHA6,5.1833010465326146e-05
R_TSHZ3,5.181072674379409e-05
R_KRT222.1,5.177427870385053e-05
R_SIPA1L1,5.169450646507132e-05
R_IP6K3,5.1639037411395127e-05
W_OSBP2,5.154744941578797e-05
W_NPIPB15,5.151962364161189e-05
R_MAP2,5.1267605633802815e-05
W_ANKRD20A5P,5.085302057431359e-05
R_KCNJ12,5.0727644672147585e-05
W_MEIS1,5.0545573038889335e-05
W_LNPEP,5.0500997340792805e-05
R_SEMA4D,5.0469960620755915e-05
R_PCDHB8,5.045227963525836e-05
R_COL26A1,5.04030828326603e-05
R_WASF3,5.039652643313971e-05
R_AC187652.1,5.0269924366394405e-05
R_NACC2,5.017475728155341e-05
R_OPRL1,5.008039640197901e-05
R_EEPD1,5.002971620971621e-05
R_C1orf101,4.998290706507975e-05
W_MUC16,4.9864024864024856e-05
R_HIVEP1,4.973940367711225e-05
R_TPCN1,4.96878799241004e-05
R_DOCK6,4.960946441090438e-05
R_ACE,4.959627300461289e-05
W_RTFDC1,4.958378207158696e-05
R_METRN,4.9423524396918586e-05
R_INMT.FAM188B,4.9342994491913925e-05
R_TPTE,4.9178644411244495e-05
W_CDKN2B.AS1,4.916946121171474e-05
W_CTB.78H18.1,4.915162280428115e-05
R_SGK3,4.91506583207425e-05
R_ATP10A,4.913030633736875e-05
W_FMO5,4.9060603241406434e-05
R_ANK1,4.884157069623596e-05
W_PPP4R3A,4.879508990308429e-05
R_PRR5L,4.8761003044661924e-05
R_DNAH10,4.875198549761898e-05
R_KLF11,4.8749576543487163e-05
R_SNX25,4.8678751803751805e-05
R_LRRC8B,4.8635264442059136e-05
R_TM4SF1,4.862346545219268e-05
R_RP11.156E8.1,4.8518282548476456e-05
W_RP11.366M4.8,4.846764346764347e-05
R_ABCB5,4.843488037038029e-05
R_SMYD3,4.833624103398987e-05
W_ACACA.PARD6G,4.828691900691899e-05
W_RAD54B,4.8280679320679324e-05
R_SLC7A9,4.81529781440731e-05
R_DAB2IP,4.811988320508441e-05
R_CNTNAP5,4.8076281313162826e-05
R_FAM65C,4.79339307427427e-05
R_ADPRHL1,4.790111574183885e-05
W_CEACAM19,4.785017988360606e-05
R_NHS,4.780008324528543e-05
R_NCAPD2,4.779127586817264e-05
R_LDLRAD4,4.764156383346787e-05
R_MYO5C,4.7474314000249684e-05
W_AC008686.1,4.744170620424065e-05
R_EVC,4.736068571596693e-05
W_THBS1,4.727108483206044e-05
R_BACH2,4.7174691461275064e-05
W_AL160286.1,4.71527508925883e-05
R_HSF2BP,4.715231477500997e-05
R_ADAMTSL2,4.7107714331687776e-05
W_NABP2,4.7106751894721804e-05
R_MYO7A,4.707667644850073e-05
R_HSPA4L,4.701571017755246e-05
W_CMAHP,4.6865282304896784e-05
R_SETD6,4.682367440988131e-05
R_PTPRH,4.654133916754451e-05
W_VWF,4.6531165311653125e-05
R_EPHX1,4.65210689810313e-05
W_PARD6G.AS1,4.635373960162926e-05
R_PIR,4.634978820462692e-05
R_PAOX,4.6265561995349724e-05
R_FRY,4.599925783975985e-05
R_SYT16,4.599280189311573e-05
R_GPC6,4.591929918204957e-05
R_ICOSLG,4.5887521676955936e-05
W_LINC00348,4.562818428184281e-05
R_GRB10,4.5598082104573445e-05
R_STARD8,4.5520708605814994e-05
R_MCM10,4.551744354463629e-05
W_RHOXF1,4.5432327072207013e-05
W_IGHV3.23,4.539683356321726e-05
W_CRIM1,4.510464847363552e-05
W_TAS2R31,4.5067046429542754e-05
W_GLTSCR1,4.49440155021988e-05
R_COL18A1,4.489835514852397e-05
R_VIPR2,4.478494623655912e-05
R_NPR2,4.4682004430932526e-05
R_MOXD1,4.438824733014236e-05
W_IL23R,4.438107624083232e-05
R_CCNYL2,4.428770639994888e-05
R_KIAA1407,4.419623059866962e-05
R_ACYP1,4.417473176093865e-05
R_SLC39A8,4.4043845719448945e-05
W_CBX3,4.392087924757076e-05
R_BCAR3,4.383874603512092e-05
R_TMED3,4.3700568673856674e-05
R_WNT7A,4.358989457342844e-05
W_ASH1L,4.342487836386359e-05
R_SLC16A4,4.2832291487450055e-05
R_TSPAN11,4.269559552532155e-05
R_PLCL2,4.2630769230769234e-05
W_PRB4,4.2618384401114195e-05
R_AK8,4.252499600346491e-05
W_PLEKHH1,4.240410256410256e-05
R_SEPT7,4.233359072817022e-05
R_GRTP1,4.230615143951937e-05
R_ADCK1,4.2241273547988613e-05
R_SLCO1B1,4.2085390765817824e-05
R_SCAMP5,4.1982338661166295e-05
R_DTNA,4.183882627916025e-05
R_ERP27,4.1549776533418715e-05
W_RP11.3P17.4,4.1359677269820326e-05
P_NOMO2,4.132663605497045e-05
R_MALRD1,4.1261347348303864e-05
R_GABRB1,4.1086892344739665e-05
W_CD6,4.0883148626881217e-05
R_FAM188A,4.077464326871727e-05
R_HERC2P3,4.066950788082269e-05
R_LRRIQ3,4.054452776495982e-05
W_ATP6V1B1,4.007656529227355e-05
W_RUVBL2,3.993366564580958e-05
W_EYA2,3.985419786448114e-05
R_HIP1R,3.97992101573973e-05
R_KCNQ4,3.979826956201073e-05
R_HTR5A.AS1,3.9228275602059e-05
W_RIN3,3.918956909505115e-05
R_RAB3IP,3.912214896929297e-05
R_NPW,3.910532737734736e-05
R_HCST,3.902915154534026e-05
R_NKD2,3.899785307953177e-05
R_CENPQ,3.8769043671685396e-05
R_METRNL,3.876574892035993e-05
R_LRRIQ1,3.868824177423043e-05
R_CD96,3.8639911919099147e-05
R_SLC28A1,3.848068579758148e-05
R_FREM3,3.837959797620676e-05
W_IL10RA,3.8375307125307124e-05
R_FABP5,3.8370112272551296e-05
R_KCNK9,3.8346653470087376e-05
R_ZNF804A,3.8344291497975705e-05
R_IL19,3.821907071329467e-05
W_ATP11A,3.817543859649124e-05
W_PTPRM,3.8118358503892646e-05
R_EVA1C,3.810787382463175e-05
W_DECR2,3.755896919331823e-05
R_OSBPL5,3.7533772374197905e-05
R_LTBP3,3.749967450742122e-05
R_C2orf48,3.7345667527410364e-05
R_SNX9,3.729572095140549e-05
R_TIPIN,3.727476195895452e-05
W_MAEA,3.7119507622075486e-05
W_FASTKD1,3.707672341857646e-05
W_APOB,3.692127000471359e-05
R_TACC3,3.6687449247835726e-05
R_PDZRN4,3.663892403995196e-05
R_SPOCK1,3.6585365853658535e-05
R_NEB,3.6439130320303595e-05
W_RP11.461K13.1,3.582893838296848e-05
R_PHLDB1,3.579793175540423e-05
W_FHOD3,3.5514033005322195e-05
R_CYP17A1,3.54398895299091e-05
R_PCGF5,3.537718320327016e-05
R_TRPC4,3.5343201857080655e-05
R_DNM1P46,3.514024390243903e-05
W_DDC,3.507001908672808e-05
W_FGFR1,3.5029184594534136e-05
R_ARMC4,3.4909897386917435e-05
W_RNU5E.1,3.48477380013985e-05
W_LINC01220,3.478387191480501e-05
R_CLDN10,3.4714365599210716e-05
R_OR51B5,3.463846319879128e-05
W_NNT,3.452936747219378e-05
W_POM121C,3.4497390953625354e-05
W_TRBV10.2.1,3.43610163064088e-05
R_SYNGR2,3.3869731800766276e-05
R_NLRP1,3.381523701051128e-05
R_HMCN2,3.3715830875122906e-05
W_MST1L,3.363885341739295e-05
W_LRGUK,3.3444055977111334e-05
W_CEP89,3.332897927317224e-05
W_E2F7,3.3272201617848904e-05
R_MCC,3.321557653604994e-05
R_TMEM189.UBE2V1,3.2742023095053294e-05
W_RP11.683L23.1,3.267466817880734e-05
R_PPP1R1C,3.2640000000000006e-05
W_LOC440704,3.252140448799706e-05
R_STK31,3.182665222101843e-05
R_LRRTM3,3.1701631701631705e-05
W_LA16c.83F12.6,3.1612654320987646e-05
R_NFIA,3.154034926503325e-05
R_TLE4,3.142062986102257e-05
R_TSPO,3.14192229326956e-05
R_OSBPL1A,3.126466001232712e-05
R_PDE7B,3.10198761811665e-05
W_AC078925.1,3.0997150997150996e-05
W_ABR,3.0995188655355786e-05
R_MCOLN2,3.0985894346478096e-05
R_PAPPA.AS1,3.098375054896794e-05
R_SH3BP5L,3.087242954991532e-05
W_MATR3,3.0823470158650225e-05
R_ENDOD1,3.0797446539127706e-05
R_SLC2A5,3.073203726000332e-05
R_PTAFR,3.062840163126696e-05
R_RGS22,3.0485593606230465e-05
W_FAM163A,3.048367235601278e-05
R_ANKRD20A11P,3.0457325209037546e-05
R_HAP1.1,3.0165141794161197e-05
R_SYCP1,3.011213484751088e-05
W_RP11.435B5.5,3.0021340057695696e-05
R_MPHOSPH6,2.9929577464788736e-05
W_LOC101929709,2.991180326000229e-05
R_FAM160A1,2.9799601117537088e-05
R_OSBPL8,2.9732207851631322e-05
R_NYAP2,2.959094865100087e-05
R_GCG,2.9517684887459804e-05
P_AP2A1,2.950445848764794e-05
R_ZNF117,2.94645620550913e-05
R_SH2D3C,2.9417792908972102e-05
R_PAM,2.9056599741417073e-05
R_AS3MT,2.8991370229865443e-05
W_OR5M9,2.896663427275672e-05
W_WHSC1,2.8541726916733756e-05
W_RP11.423O2.7,2.8449234537660738e-05
W_DCAF10.NXF4,2.83682256016649e-05
R_WDR72,2.809111570223103e-05
R_SCARF2,2.792022792022793e-05
W_TRBV10.1.1,2.7897435897435898e-05
R_PARVB,2.7836257309941514e-05
R_PLG,2.7621748132145107e-05
R_MYEF2,2.7364185110663984e-05
R_CCDC146,2.73368449017544e-05
W_SLC25A25,2.72357648829827e-05
R_HIPK3,2.7128010878010873e-05
R_ZNF682,2.6791227944691837e-05
R_C8orf34,2.6778535752288125e-05
R_CA6,2.667992926613616e-05
R_GLIS3,2.657520105421904e-05
W_SOAT1,2.6406798124927677e-05
R_MMP28,2.632737786344429e-05
W_HNRNPA1P41,2.6095506442429046e-05
R_CRB2,2.5809183803573703e-05
R_STOX1,2.580024241105896e-05
R_USP31,2.5782754228502026e-05
R_PLEKHA1,2.5782754228502026e-05
R_GOLGA8A,2.573870573870573e-05
W_RHPN1,2.562550277225425e-05
R_TANC2,2.5499999999999996e-05
R_MYZAP,2.542303461115342e-05
R_TECTA,2.5312278529109273e-05
R_MOCOS,2.5297619047619046e-05
W_MUC2,2.512646405148552e-05
W_TRIM16L,2.507838268067494e-05
R_FAM160B2,2.500125912868297e-05
R_SH3BGR,2.4758566978193147e-05
R_GXYLT1,2.3943661971830993e-05
W_AL365202.1,2.3784817337848828e-05
R_ZFPM1,2.3672758920800694e-05
R_SLC13A3,2.3624959270120555e-05
R_ALK,2.3549783549783553e-05
R_CLIC5,2.3471004914421283e-05
R_EZR,2.318181818181818e-05
R_PLEKHG1,2.2985915492957743e-05
W_PLA2G4D,2.2947632134911296e-05
W_IL5RA,2.2883433566663387e-05
R_SPTB,2.2490243203316193e-05
R_ALDH3B1,2.148014440433213e-05
W_DDX11L8.2,2.1270772238514178e-05
R_PDLIM2,2.1159504452187377e-05
R_WIPI1,2.1003861003860987e-05
R_DONSON,2.0972292982712122e-05
R_WDHD1,2.0647773279352213e-05
R_TRPS1,2.0023557126030623e-05
W_PLCB1,1.9883040935672515e-05
W_RNU5D.1.RNU5E.1,1.9444816053511694e-05
W_DOCK4.ZNF277,1.9374274099883857e-05
R_GLS,1.893181818181819e-05
R_MICAL2,1.8789720917380496e-05
R_RASGRP3,1.8715962441314544e-05
W_TAL1,1.8593749999999998e-05
W_SCN2A,1.8244949494949496e-05
W_OR2T29,1.8237547892720307e-05
R_TUSC1,1.8185291308500477e-05
W_LOC339260,1.8172983479105935e-05
R_GABRA5,1.8149466192170817e-05
R_CYP4F3,1.813333333333333e-05
R_MBP,1.795774647887324e-05
R_GOLT1A,1.788749494131931e-05
W_PLIN4,1.788297172912557e-05
W_EIF3J,1.7770034843205575e-05
W_APAF1,1.765816808309726e-05
W_TTN,1.7605177993527508e-05
R_LNX1,1.7558685446009394e-05
R_GPSM2,1.7448680351906157e-05
R_MPP2,1.7435897435897428e-05
W_AES,1.7369093231162193e-05
W_LOC102724623,1.717171717171717e-05
R_KAZN,1.7142697523708426e-05
R_PCDHGA7,1.7019638043896808e-05
R_FADS2,1.7010631644777977e-05
R_GUCA1B,1.6951566951566953e-05
W_COX7A1,1.6915422885572137e-05
R_HECW2,1.6836892602909313e-05
R_ARNTL2,1.683689260290931e-05
W_MECOM,1.6767123287671237e-05
R_LRRCC1,1.676056338028169e-05
R_ST5,1.6743613419513696e-05
R_SFXN2,1.671583087512291e-05
W_GH1.ZNF827,1.6660384470410857e-05
R_SLC8A1,1.6622222222222223e-05
R_DACT2,1.6618075801749273e-05
R_MMP16,1.6605616605616614e-05
W_TRBV5.7.1,1.657292838395201e-05
R_SUV39H2,1.6461459535718875e-05
W_U1.8,1.6418511066398393e-05
W_GPC2,1.6418511066398393e-05
W_RHOXF1.AS1,1.63510101010101e-05
R_KHDRBS2,1.6320000000000003e-05
R_RXRA,1.63013698630137e-05
R_HS1BP3,1.6293929712460065e-05
R_FAM86GP,1.6238805970149252e-05
R_SKAP2,1.6204944891271965e-05
W_ZDHHC20.IT1,1.6168478260869565e-05
W_GNAO1,1.6098484848484848e-05
W_SLC23A1,1.604719764011799e-05
R_SPOCD1,1.60188457008245e-05
R_TMC5,1.596244131455399e-05
R_ACVR1,1.5784586815227476e-05
R_MARCH10,1.5632183908045973e-05
R_AC017104.2,1.563218390804597e-05
R_ZC3H12D,1.5546536796536793e-05
W_SPEN,1.5501519756838906e-05
W_DAAM2,1.536723163841808e-05
R_ANLN,1.5315315315315313e-05
R_RAD18,1.5223880597014927e-05
R_SLC38A6,1.5161649944258638e-05
R_PCDHGA1,1.504424778761062e-05
W_AGBL1,1.4571428571428568e-05
R_SLC4A10,1.4512195121951199e-05
W_VN1R1,1.439153439153439e-05
R_IQCE,1.427821522309711e-05
W_MTPAP,1.422594142259414e-05
R_SPATA6,1.3821138211382115e-05
R_NRG3,1.3294232649071357e-05
W_PTPRQ,1.3294232649071357e-05
R_HOMER3,1.3216715257531583e-05
R_TMEM80,1.3026819923371647e-05
W_RP11.597A11.1,1.3026819923371643e-05
R_AK5,1.2627669452181986e-05
R_CHST11,1.254140319180969e-05
R_RAB3A,1.2285456187895212e-05
R_TPRG1,1.1805555555555557e-05
W_UHRF1BP1L,1.1525423728813561e-05
W_ZNF528,1.1003236245954692e-05
R_PRICKLE1,1.0793650793650793e-05
W_ALS2CR11,1.0759493670886076e-05
R_COL5A2,1.046153846153846e-05
R_GALNT14,1.0461538461538458e-05
R_RBBP8,1.0442260442260451e-05
R_PGM1,1.0365853658536585e-05
W_RABGAP1L,1.0334346504559273e-05
W_SNHG5,9.900990099009906e-06
R_MEF2A,9.686609686609687e-06
R_FANCL,9.659090909090909e-06
R_CSMD2,9.418282548476453e-06
R_HPD,9.164420485175202e-06
W_RPS2P35,9.005882546255207e-06
R_MYO16,5.431309904153357e-06
R_CRISP2,3.877484522645817e-06
R_CHRDL1,3.790087463556856e-06
W_USP4,2.825484764542941e-06
W_NFATC4,0.0
R_PBK,0.0
R_SSC5D,0.0
W_ATP7B,0.0
R_RGS13,0.0
R_ROPN1L,0.0
W_NBPF20,0.0
R_HRASLS2,0.0
R_DENND3,0.0
R_DUSP19,0.0
W_RHOXF1.RHOXF1.AS1,0.0
W_NR1H3,0.0
W_SH2D3C,0.0
R_TRIB3,0.0
W_TDRD6,0.0
R_EGFR,0.0
W_TNRC18,0.0
R_AL591806.1,0.0
R_TIMP4,0.0
W_SOCS7,0.0
R_HTR7,0.0
W_PDGFA,0.0
R_ZDHHC11B,0.0
W_TSGA10,0.0
R_POU6F1,0.0
W_CRYAA,0.0
W_SIK3,0.0
R_FNBP1L,0.0
R_DNAH6,0.0
R_PIGU,0.0
R_OR2L13,0.0
R_NPIPA8,0.0
W_FAM231B,0.0
R_FLT3LG,0.0
R_ARHGEF16,0.0
W_ZNF584,0.0
R_PIP4K2A,0.0
R_PEX5L,0.0
R_ANKRD55,0.0
R_GGH,0.0
R_HPRT1,0.0
W_KIF23,0.0
W_KHDRBS2,0.0
W_RNU5D.1,0.0
R_ARHGAP32,0.0
W_RP11.389J22.1,0.0
R_VN1R1,0.0
R_ABCA12,0.0
R_PNPLA7,0.0
W_RNF150,0.0
R_LYN,0.0
R_AC096644.1,0.0
R_HHAT,0.0
R_EDAR,0.0
R_CADM2,0.0
W_DGKE,0.0
W_TFAM,0.0
R_BMPER,0.0
W_DHCR24,0.0
R_TMEM129,0.0
R_FBXL5,0.0
W_DPY19L3.LOC400684,0.0
W_LOC101929352,0.0
W_RP4.686C3.7,0.0
W_RMI2,0.0
W_DUX4L4.1,0.0
W_LINC01307,0.0
R_NDC80,0.0
